  UDP_Client.cpp
C:\Users\cns\MyInfo\University\DCS\RiOT-7-term-master\RiOT-7-term-master\Lab01\Lab01\UDP-client\UDP_Client.cpp(22,31): warning C4566: character represented by universal-character-name '\u0420' cannot be represented in the current code page (1252)
C:\Users\cns\MyInfo\University\DCS\RiOT-7-term-master\RiOT-7-term-master\Lab01\Lab01\UDP-client\UDP_Client.cpp(22,31): warning C4566: character represented by universal-character-name '\u0430' cannot be represented in the current code page (1252)
C:\Users\cns\MyInfo\University\DCS\RiOT-7-term-master\RiOT-7-term-master\Lab01\Lab01\UDP-client\UDP_Client.cpp(22,31): warning C4566: character represented by universal-character-name '\u0431' cannot be represented in the current code page (1252)
C:\Users\cns\MyInfo\University\DCS\RiOT-7-term-master\RiOT-7-term-master\Lab01\Lab01\UDP-client\UDP_Client.cpp(22,31): warning C4566: character represented by universal-character-name '\u043E' cannot be represented in the current code page (1252)
C:\Users\cns\MyInfo\University\DCS\RiOT-7-term-master\RiOT-7-term-master\Lab01\Lab01\UDP-client\UDP_Client.cpp(22,31): warning C4566: character represented by universal-character-name '\u0442' cannot be represented in the current code page (1252)
C:\Users\cns\MyInfo\University\DCS\RiOT-7-term-master\RiOT-7-term-master\Lab01\Lab01\UDP-client\UDP_Client.cpp(22,31): warning C4566: character represented by universal-character-name '\u0444' cannot be represented in the current code page (1252)
C:\Users\cns\MyInfo\University\DCS\RiOT-7-term-master\RiOT-7-term-master\Lab01\Lab01\UDP-client\UDP_Client.cpp(22,31): warning C4566: character represented by universal-character-name '\u0443' cannot be represented in the current code page (1252)
C:\Users\cns\MyInfo\University\DCS\RiOT-7-term-master\RiOT-7-term-master\Lab01\Lab01\UDP-client\UDP_Client.cpp(22,31): warning C4566: character represented by universal-character-name '\u043D' cannot be represented in the current code page (1252)
C:\Users\cns\MyInfo\University\DCS\RiOT-7-term-master\RiOT-7-term-master\Lab01\Lab01\UDP-client\UDP_Client.cpp(22,31): warning C4566: character represented by universal-character-name '\u043A' cannot be represented in the current code page (1252)
C:\Users\cns\MyInfo\University\DCS\RiOT-7-term-master\RiOT-7-term-master\Lab01\Lab01\UDP-client\UDP_Client.cpp(22,31): warning C4566: character represented by universal-character-name '\u0446' cannot be represented in the current code page (1252)
C:\Users\cns\MyInfo\University\DCS\RiOT-7-term-master\RiOT-7-term-master\Lab01\Lab01\UDP-client\UDP_Client.cpp(22,31): warning C4566: character represented by universal-character-name '\u0438' cannot be represented in the current code page (1252)
C:\Users\cns\MyInfo\University\DCS\RiOT-7-term-master\RiOT-7-term-master\Lab01\Lab01\UDP-client\UDP_Client.cpp(22,31): warning C4566: character represented by universal-character-name '\u043F' cannot be represented in the current code page (1252)
C:\Users\cns\MyInfo\University\DCS\RiOT-7-term-master\RiOT-7-term-master\Lab01\Lab01\UDP-client\UDP_Client.cpp(22,31): warning C4566: character represented by universal-character-name '\u0440' cannot be represented in the current code page (1252)
C:\Users\cns\MyInfo\University\DCS\RiOT-7-term-master\RiOT-7-term-master\Lab01\Lab01\UDP-client\UDP_Client.cpp(22,31): warning C4566: character represented by universal-character-name '\u0435' cannot be represented in the current code page (1252)
C:\Users\cns\MyInfo\University\DCS\RiOT-7-term-master\RiOT-7-term-master\Lab01\Lab01\UDP-client\UDP_Client.cpp(22,31): warning C4566: character represented by universal-character-name '\u0432' cannot be represented in the current code page (1252)
C:\Users\cns\MyInfo\University\DCS\RiOT-7-term-master\RiOT-7-term-master\Lab01\Lab01\UDP-client\UDP_Client.cpp(23,32): warning C4566: character represented by universal-character-name '\u0420' cannot be represented in the current code page (1252)
C:\Users\cns\MyInfo\University\DCS\RiOT-7-term-master\RiOT-7-term-master\Lab01\Lab01\UDP-client\UDP_Client.cpp(23,32): warning C4566: character represented by universal-character-name '\u0430' cannot be represented in the current code page (1252)
C:\Users\cns\MyInfo\University\DCS\RiOT-7-term-master\RiOT-7-term-master\Lab01\Lab01\UDP-client\UDP_Client.cpp(23,32): warning C4566: character represented by universal-character-name '\u0437' cannot be represented in the current code page (1252)
C:\Users\cns\MyInfo\University\DCS\RiOT-7-term-master\RiOT-7-term-master\Lab01\Lab01\UDP-client\UDP_Client.cpp(23,32): warning C4566: character represented by universal-character-name '\u0440' cannot be represented in the current code page (1252)
C:\Users\cns\MyInfo\University\DCS\RiOT-7-term-master\RiOT-7-term-master\Lab01\Lab01\UDP-client\UDP_Client.cpp(23,32): warning C4566: character represented by universal-character-name '\u0435' cannot be represented in the current code page (1252)
C:\Users\cns\MyInfo\University\DCS\RiOT-7-term-master\RiOT-7-term-master\Lab01\Lab01\UDP-client\UDP_Client.cpp(23,32): warning C4566: character represented by universal-character-name '\u0448' cannot be represented in the current code page (1252)
C:\Users\cns\MyInfo\University\DCS\RiOT-7-term-master\RiOT-7-term-master\Lab01\Lab01\UDP-client\UDP_Client.cpp(23,32): warning C4566: character represented by universal-character-name '\u043D' cannot be represented in the current code page (1252)
C:\Users\cns\MyInfo\University\DCS\RiOT-7-term-master\RiOT-7-term-master\Lab01\Lab01\UDP-client\UDP_Client.cpp(23,32): warning C4566: character represented by universal-character-name '\u0438' cannot be represented in the current code page (1252)
C:\Users\cns\MyInfo\University\DCS\RiOT-7-term-master\RiOT-7-term-master\Lab01\Lab01\UDP-client\UDP_Client.cpp(23,32): warning C4566: character represented by universal-character-name '\u043E' cannot be represented in the current code page (1252)
C:\Users\cns\MyInfo\University\DCS\RiOT-7-term-master\RiOT-7-term-master\Lab01\Lab01\UDP-client\UDP_Client.cpp(23,32): warning C4566: character represented by universal-character-name '\u0442' cannot be represented in the current code page (1252)
C:\Users\cns\MyInfo\University\DCS\RiOT-7-term-master\RiOT-7-term-master\Lab01\Lab01\UDP-client\UDP_Client.cpp(23,32): warning C4566: character represented by universal-character-name '\u0432' cannot be represented in the current code page (1252)
C:\Users\cns\MyInfo\University\DCS\RiOT-7-term-master\RiOT-7-term-master\Lab01\Lab01\UDP-client\UDP_Client.cpp(23,32): warning C4566: character represented by universal-character-name '\u0433' cannot be represented in the current code page (1252)
C:\Users\cns\MyInfo\University\DCS\RiOT-7-term-master\RiOT-7-term-master\Lab01\Lab01\UDP-client\UDP_Client.cpp(23,32): warning C4566: character represented by universal-character-name '\u0443' cannot be represented in the current code page (1252)
C:\Users\cns\MyInfo\University\DCS\RiOT-7-term-master\RiOT-7-term-master\Lab01\Lab01\UDP-client\UDP_Client.cpp(24,32): warning C4566: character represented by universal-character-name '\u041E' cannot be represented in the current code page (1252)
C:\Users\cns\MyInfo\University\DCS\RiOT-7-term-master\RiOT-7-term-master\Lab01\Lab01\UDP-client\UDP_Client.cpp(24,32): warning C4566: character represented by universal-character-name '\u0448' cannot be represented in the current code page (1252)
C:\Users\cns\MyInfo\University\DCS\RiOT-7-term-master\RiOT-7-term-master\Lab01\Lab01\UDP-client\UDP_Client.cpp(24,32): warning C4566: character represented by universal-character-name '\u0438' cannot be represented in the current code page (1252)
C:\Users\cns\MyInfo\University\DCS\RiOT-7-term-master\RiOT-7-term-master\Lab01\Lab01\UDP-client\UDP_Client.cpp(24,32): warning C4566: character represented by universal-character-name '\u0431' cannot be represented in the current code page (1252)
C:\Users\cns\MyInfo\University\DCS\RiOT-7-term-master\RiOT-7-term-master\Lab01\Lab01\UDP-client\UDP_Client.cpp(24,32): warning C4566: character represented by universal-character-name '\u043E' cannot be represented in the current code page (1252)
C:\Users\cns\MyInfo\University\DCS\RiOT-7-term-master\RiOT-7-term-master\Lab01\Lab01\UDP-client\UDP_Client.cpp(24,32): warning C4566: character represented by universal-character-name '\u0447' cannot be represented in the current code page (1252)
C:\Users\cns\MyInfo\University\DCS\RiOT-7-term-master\RiOT-7-term-master\Lab01\Lab01\UDP-client\UDP_Client.cpp(24,32): warning C4566: character represented by universal-character-name '\u043D' cannot be represented in the current code page (1252)
C:\Users\cns\MyInfo\University\DCS\RiOT-7-term-master\RiOT-7-term-master\Lab01\Lab01\UDP-client\UDP_Client.cpp(24,32): warning C4566: character represented by universal-character-name '\u044B' cannot be represented in the current code page (1252)
C:\Users\cns\MyInfo\University\DCS\RiOT-7-term-master\RiOT-7-term-master\Lab01\Lab01\UDP-client\UDP_Client.cpp(24,32): warning C4566: character represented by universal-character-name '\u0439' cannot be represented in the current code page (1252)
C:\Users\cns\MyInfo\University\DCS\RiOT-7-term-master\RiOT-7-term-master\Lab01\Lab01\UDP-client\UDP_Client.cpp(24,32): warning C4566: character represented by universal-character-name '\u0430' cannot be represented in the current code page (1252)
C:\Users\cns\MyInfo\University\DCS\RiOT-7-term-master\RiOT-7-term-master\Lab01\Lab01\UDP-client\UDP_Client.cpp(24,32): warning C4566: character represented by universal-character-name '\u0434' cannot be represented in the current code page (1252)
C:\Users\cns\MyInfo\University\DCS\RiOT-7-term-master\RiOT-7-term-master\Lab01\Lab01\UDP-client\UDP_Client.cpp(24,32): warning C4566: character represented by universal-character-name '\u0440' cannot be represented in the current code page (1252)
C:\Users\cns\MyInfo\University\DCS\RiOT-7-term-master\RiOT-7-term-master\Lab01\Lab01\UDP-client\UDP_Client.cpp(24,32): warning C4566: character represented by universal-character-name '\u0435' cannot be represented in the current code page (1252)
C:\Users\cns\MyInfo\University\DCS\RiOT-7-term-master\RiOT-7-term-master\Lab01\Lab01\UDP-client\UDP_Client.cpp(24,32): warning C4566: character represented by universal-character-name '\u0441' cannot be represented in the current code page (1252)
C:\Users\cns\MyInfo\University\DCS\RiOT-7-term-master\RiOT-7-term-master\Lab01\Lab01\UDP-client\UDP_Client.cpp(25,32): warning C4566: character represented by universal-character-name '\u041E' cannot be represented in the current code page (1252)
C:\Users\cns\MyInfo\University\DCS\RiOT-7-term-master\RiOT-7-term-master\Lab01\Lab01\UDP-client\UDP_Client.cpp(25,32): warning C4566: character represented by universal-character-name '\u0448' cannot be represented in the current code page (1252)
C:\Users\cns\MyInfo\University\DCS\RiOT-7-term-master\RiOT-7-term-master\Lab01\Lab01\UDP-client\UDP_Client.cpp(25,32): warning C4566: character represented by universal-character-name '\u0438' cannot be represented in the current code page (1252)
C:\Users\cns\MyInfo\University\DCS\RiOT-7-term-master\RiOT-7-term-master\Lab01\Lab01\UDP-client\UDP_Client.cpp(25,32): warning C4566: character represented by universal-character-name '\u0431' cannot be represented in the current code page (1252)
C:\Users\cns\MyInfo\University\DCS\RiOT-7-term-master\RiOT-7-term-master\Lab01\Lab01\UDP-client\UDP_Client.cpp(25,32): warning C4566: character represented by universal-character-name '\u043A' cannot be represented in the current code page (1252)
C:\Users\cns\MyInfo\University\DCS\RiOT-7-term-master\RiOT-7-term-master\Lab01\Lab01\UDP-client\UDP_Client.cpp(25,32): warning C4566: character represented by universal-character-name '\u0430' cannot be represented in the current code page (1252)
C:\Users\cns\MyInfo\University\DCS\RiOT-7-term-master\RiOT-7-term-master\Lab01\Lab01\UDP-client\UDP_Client.cpp(25,32): warning C4566: character represented by universal-character-name '\u0432' cannot be represented in the current code page (1252)
C:\Users\cns\MyInfo\University\DCS\RiOT-7-term-master\RiOT-7-term-master\Lab01\Lab01\UDP-client\UDP_Client.cpp(25,32): warning C4566: character represented by universal-character-name '\u0440' cannot be represented in the current code page (1252)
C:\Users\cns\MyInfo\University\DCS\RiOT-7-term-master\RiOT-7-term-master\Lab01\Lab01\UDP-client\UDP_Client.cpp(25,32): warning C4566: character represented by universal-character-name '\u0433' cannot be represented in the current code page (1252)
C:\Users\cns\MyInfo\University\DCS\RiOT-7-term-master\RiOT-7-term-master\Lab01\Lab01\UDP-client\UDP_Client.cpp(25,32): warning C4566: character represented by universal-character-name '\u0443' cannot be represented in the current code page (1252)
C:\Users\cns\MyInfo\University\DCS\RiOT-7-term-master\RiOT-7-term-master\Lab01\Lab01\UDP-client\UDP_Client.cpp(25,32): warning C4566: character represented by universal-character-name '\u043C' cannot be represented in the current code page (1252)
C:\Users\cns\MyInfo\University\DCS\RiOT-7-term-master\RiOT-7-term-master\Lab01\Lab01\UDP-client\UDP_Client.cpp(25,32): warning C4566: character represented by universal-character-name '\u0435' cannot be represented in the current code page (1252)
C:\Users\cns\MyInfo\University\DCS\RiOT-7-term-master\RiOT-7-term-master\Lab01\Lab01\UDP-client\UDP_Client.cpp(25,32): warning C4566: character represented by universal-character-name '\u043D' cannot be represented in the current code page (1252)
C:\Users\cns\MyInfo\University\DCS\RiOT-7-term-master\RiOT-7-term-master\Lab01\Lab01\UDP-client\UDP_Client.cpp(25,32): warning C4566: character represented by universal-character-name '\u0442' cannot be represented in the current code page (1252)
C:\Users\cns\MyInfo\University\DCS\RiOT-7-term-master\RiOT-7-term-master\Lab01\Lab01\UDP-client\UDP_Client.cpp(26,32): warning C4566: character represented by universal-character-name '\u0421' cannot be represented in the current code page (1252)
C:\Users\cns\MyInfo\University\DCS\RiOT-7-term-master\RiOT-7-term-master\Lab01\Lab01\UDP-client\UDP_Client.cpp(26,32): warning C4566: character represented by universal-character-name '\u043B' cannot be represented in the current code page (1252)
C:\Users\cns\MyInfo\University\DCS\RiOT-7-term-master\RiOT-7-term-master\Lab01\Lab01\UDP-client\UDP_Client.cpp(26,32): warning C4566: character represented by universal-character-name '\u0438' cannot be represented in the current code page (1252)
C:\Users\cns\MyInfo\University\DCS\RiOT-7-term-master\RiOT-7-term-master\Lab01\Lab01\UDP-client\UDP_Client.cpp(26,32): warning C4566: character represented by universal-character-name '\u0448' cannot be represented in the current code page (1252)
C:\Users\cns\MyInfo\University\DCS\RiOT-7-term-master\RiOT-7-term-master\Lab01\Lab01\UDP-client\UDP_Client.cpp(26,32): warning C4566: character represented by universal-character-name '\u043A' cannot be represented in the current code page (1252)
C:\Users\cns\MyInfo\University\DCS\RiOT-7-term-master\RiOT-7-term-master\Lab01\Lab01\UDP-client\UDP_Client.cpp(26,32): warning C4566: character represented by universal-character-name '\u043E' cannot be represented in the current code page (1252)
C:\Users\cns\MyInfo\University\DCS\RiOT-7-term-master\RiOT-7-term-master\Lab01\Lab01\UDP-client\UDP_Client.cpp(26,32): warning C4566: character represented by universal-character-name '\u043C' cannot be represented in the current code page (1252)
C:\Users\cns\MyInfo\University\DCS\RiOT-7-term-master\RiOT-7-term-master\Lab01\Lab01\UDP-client\UDP_Client.cpp(26,32): warning C4566: character represented by universal-character-name '\u043D' cannot be represented in the current code page (1252)
C:\Users\cns\MyInfo\University\DCS\RiOT-7-term-master\RiOT-7-term-master\Lab01\Lab01\UDP-client\UDP_Client.cpp(26,32): warning C4566: character represented by universal-character-name '\u0433' cannot be represented in the current code page (1252)
C:\Users\cns\MyInfo\University\DCS\RiOT-7-term-master\RiOT-7-term-master\Lab01\Lab01\UDP-client\UDP_Client.cpp(26,32): warning C4566: character represented by universal-character-name '\u0444' cannot be represented in the current code page (1252)
C:\Users\cns\MyInfo\University\DCS\RiOT-7-term-master\RiOT-7-term-master\Lab01\Lab01\UDP-client\UDP_Client.cpp(26,32): warning C4566: character represented by universal-character-name '\u0430' cannot be represented in the current code page (1252)
C:\Users\cns\MyInfo\University\DCS\RiOT-7-term-master\RiOT-7-term-master\Lab01\Lab01\UDP-client\UDP_Client.cpp(26,32): warning C4566: character represented by universal-character-name '\u0439' cannot be represented in the current code page (1252)
C:\Users\cns\MyInfo\University\DCS\RiOT-7-term-master\RiOT-7-term-master\Lab01\Lab01\UDP-client\UDP_Client.cpp(26,32): warning C4566: character represented by universal-character-name '\u0432' cannot be represented in the current code page (1252)
C:\Users\cns\MyInfo\University\DCS\RiOT-7-term-master\RiOT-7-term-master\Lab01\Lab01\UDP-client\UDP_Client.cpp(26,32): warning C4566: character represented by universal-character-name '\u0442' cannot be represented in the current code page (1252)
C:\Users\cns\MyInfo\University\DCS\RiOT-7-term-master\RiOT-7-term-master\Lab01\Lab01\UDP-client\UDP_Client.cpp(26,32): warning C4566: character represented by universal-character-name '\u0440' cannot be represented in the current code page (1252)
C:\Users\cns\MyInfo\University\DCS\RiOT-7-term-master\RiOT-7-term-master\Lab01\Lab01\UDP-client\UDP_Client.cpp(26,32): warning C4566: character represented by universal-character-name '\u044B' cannot be represented in the current code page (1252)
C:\Users\cns\MyInfo\University\DCS\RiOT-7-term-master\RiOT-7-term-master\Lab01\Lab01\UDP-client\UDP_Client.cpp(27,35): warning C4566: character represented by universal-character-name '\u0420' cannot be represented in the current code page (1252)
C:\Users\cns\MyInfo\University\DCS\RiOT-7-term-master\RiOT-7-term-master\Lab01\Lab01\UDP-client\UDP_Client.cpp(27,35): warning C4566: character represented by universal-character-name '\u0435' cannot be represented in the current code page (1252)
C:\Users\cns\MyInfo\University\DCS\RiOT-7-term-master\RiOT-7-term-master\Lab01\Lab01\UDP-client\UDP_Client.cpp(27,35): warning C4566: character represented by universal-character-name '\u0441' cannot be represented in the current code page (1252)
C:\Users\cns\MyInfo\University\DCS\RiOT-7-term-master\RiOT-7-term-master\Lab01\Lab01\UDP-client\UDP_Client.cpp(27,35): warning C4566: character represented by universal-character-name '\u0443' cannot be represented in the current code page (1252)
C:\Users\cns\MyInfo\University\DCS\RiOT-7-term-master\RiOT-7-term-master\Lab01\Lab01\UDP-client\UDP_Client.cpp(27,35): warning C4566: character represented by universal-character-name '\u0440' cannot be represented in the current code page (1252)
C:\Users\cns\MyInfo\University\DCS\RiOT-7-term-master\RiOT-7-term-master\Lab01\Lab01\UDP-client\UDP_Client.cpp(27,35): warning C4566: character represented by universal-character-name '\u0432' cannot be represented in the current code page (1252)
C:\Users\cns\MyInfo\University\DCS\RiOT-7-term-master\RiOT-7-term-master\Lab01\Lab01\UDP-client\UDP_Client.cpp(27,35): warning C4566: character represented by universal-character-name '\u043C' cannot be represented in the current code page (1252)
C:\Users\cns\MyInfo\University\DCS\RiOT-7-term-master\RiOT-7-term-master\Lab01\Lab01\UDP-client\UDP_Client.cpp(27,35): warning C4566: character represented by universal-character-name '\u043D' cannot be represented in the current code page (1252)
C:\Users\cns\MyInfo\University\DCS\RiOT-7-term-master\RiOT-7-term-master\Lab01\Lab01\UDP-client\UDP_Client.cpp(27,35): warning C4566: character represented by universal-character-name '\u043E' cannot be represented in the current code page (1252)
C:\Users\cns\MyInfo\University\DCS\RiOT-7-term-master\RiOT-7-term-master\Lab01\Lab01\UDP-client\UDP_Client.cpp(27,35): warning C4566: character represented by universal-character-name '\u0434' cannot be represented in the current code page (1252)
C:\Users\cns\MyInfo\University\DCS\RiOT-7-term-master\RiOT-7-term-master\Lab01\Lab01\UDP-client\UDP_Client.cpp(27,35): warning C4566: character represented by universal-character-name '\u0442' cannot be represented in the current code page (1252)
C:\Users\cns\MyInfo\University\DCS\RiOT-7-term-master\RiOT-7-term-master\Lab01\Lab01\UDP-client\UDP_Client.cpp(27,35): warning C4566: character represented by universal-character-name '\u043F' cannot be represented in the current code page (1252)
C:\Users\cns\MyInfo\University\DCS\RiOT-7-term-master\RiOT-7-term-master\Lab01\Lab01\UDP-client\UDP_Client.cpp(28,35): warning C4566: character represented by universal-character-name '\u041E' cannot be represented in the current code page (1252)
C:\Users\cns\MyInfo\University\DCS\RiOT-7-term-master\RiOT-7-term-master\Lab01\Lab01\UDP-client\UDP_Client.cpp(28,35): warning C4566: character represented by universal-character-name '\u043F' cannot be represented in the current code page (1252)
C:\Users\cns\MyInfo\University\DCS\RiOT-7-term-master\RiOT-7-term-master\Lab01\Lab01\UDP-client\UDP_Client.cpp(28,35): warning C4566: character represented by universal-character-name '\u0435' cannot be represented in the current code page (1252)
C:\Users\cns\MyInfo\University\DCS\RiOT-7-term-master\RiOT-7-term-master\Lab01\Lab01\UDP-client\UDP_Client.cpp(28,35): warning C4566: character represented by universal-character-name '\u0440' cannot be represented in the current code page (1252)
C:\Users\cns\MyInfo\University\DCS\RiOT-7-term-master\RiOT-7-term-master\Lab01\Lab01\UDP-client\UDP_Client.cpp(28,35): warning C4566: character represented by universal-character-name '\u0430' cannot be represented in the current code page (1252)
C:\Users\cns\MyInfo\University\DCS\RiOT-7-term-master\RiOT-7-term-master\Lab01\Lab01\UDP-client\UDP_Client.cpp(28,35): warning C4566: character represented by universal-character-name '\u0446' cannot be represented in the current code page (1252)
C:\Users\cns\MyInfo\University\DCS\RiOT-7-term-master\RiOT-7-term-master\Lab01\Lab01\UDP-client\UDP_Client.cpp(28,35): warning C4566: character represented by universal-character-name '\u0438' cannot be represented in the current code page (1252)
C:\Users\cns\MyInfo\University\DCS\RiOT-7-term-master\RiOT-7-term-master\Lab01\Lab01\UDP-client\UDP_Client.cpp(28,35): warning C4566: character represented by universal-character-name '\u044F' cannot be represented in the current code page (1252)
C:\Users\cns\MyInfo\University\DCS\RiOT-7-term-master\RiOT-7-term-master\Lab01\Lab01\UDP-client\UDP_Client.cpp(28,35): warning C4566: character represented by universal-character-name '\u0432' cannot be represented in the current code page (1252)
C:\Users\cns\MyInfo\University\DCS\RiOT-7-term-master\RiOT-7-term-master\Lab01\Lab01\UDP-client\UDP_Client.cpp(28,35): warning C4566: character represented by universal-character-name '\u043E' cannot be represented in the current code page (1252)
C:\Users\cns\MyInfo\University\DCS\RiOT-7-term-master\RiOT-7-term-master\Lab01\Lab01\UDP-client\UDP_Client.cpp(28,35): warning C4566: character represented by universal-character-name '\u0441' cannot be represented in the current code page (1252)
C:\Users\cns\MyInfo\University\DCS\RiOT-7-term-master\RiOT-7-term-master\Lab01\Lab01\UDP-client\UDP_Client.cpp(28,35): warning C4566: character represented by universal-character-name '\u0437' cannot be represented in the current code page (1252)
C:\Users\cns\MyInfo\University\DCS\RiOT-7-term-master\RiOT-7-term-master\Lab01\Lab01\UDP-client\UDP_Client.cpp(28,35): warning C4566: character represented by universal-character-name '\u0442' cannot be represented in the current code page (1252)
C:\Users\cns\MyInfo\University\DCS\RiOT-7-term-master\RiOT-7-term-master\Lab01\Lab01\UDP-client\UDP_Client.cpp(29,34): warning C4566: character represented by universal-character-name '\u041E' cannot be represented in the current code page (1252)
C:\Users\cns\MyInfo\University\DCS\RiOT-7-term-master\RiOT-7-term-master\Lab01\Lab01\UDP-client\UDP_Client.cpp(29,34): warning C4566: character represented by universal-character-name '\u043F' cannot be represented in the current code page (1252)
C:\Users\cns\MyInfo\University\DCS\RiOT-7-term-master\RiOT-7-term-master\Lab01\Lab01\UDP-client\UDP_Client.cpp(29,34): warning C4566: character represented by universal-character-name '\u0435' cannot be represented in the current code page (1252)
C:\Users\cns\MyInfo\University\DCS\RiOT-7-term-master\RiOT-7-term-master\Lab01\Lab01\UDP-client\UDP_Client.cpp(29,34): warning C4566: character represented by universal-character-name '\u0440' cannot be represented in the current code page (1252)
C:\Users\cns\MyInfo\University\DCS\RiOT-7-term-master\RiOT-7-term-master\Lab01\Lab01\UDP-client\UDP_Client.cpp(29,34): warning C4566: character represented by universal-character-name '\u0430' cannot be represented in the current code page (1252)
C:\Users\cns\MyInfo\University\DCS\RiOT-7-term-master\RiOT-7-term-master\Lab01\Lab01\UDP-client\UDP_Client.cpp(29,34): warning C4566: character represented by universal-character-name '\u0446' cannot be represented in the current code page (1252)
C:\Users\cns\MyInfo\University\DCS\RiOT-7-term-master\RiOT-7-term-master\Lab01\Lab01\UDP-client\UDP_Client.cpp(29,34): warning C4566: character represented by universal-character-name '\u0438' cannot be represented in the current code page (1252)
C:\Users\cns\MyInfo\University\DCS\RiOT-7-term-master\RiOT-7-term-master\Lab01\Lab01\UDP-client\UDP_Client.cpp(29,34): warning C4566: character represented by universal-character-name '\u044F' cannot be represented in the current code page (1252)
C:\Users\cns\MyInfo\University\DCS\RiOT-7-term-master\RiOT-7-term-master\Lab01\Lab01\UDP-client\UDP_Client.cpp(29,34): warning C4566: character represented by universal-character-name '\u0443' cannot be represented in the current code page (1252)
C:\Users\cns\MyInfo\University\DCS\RiOT-7-term-master\RiOT-7-term-master\Lab01\Lab01\UDP-client\UDP_Client.cpp(29,34): warning C4566: character represented by universal-character-name '\u0436' cannot be represented in the current code page (1252)
C:\Users\cns\MyInfo\University\DCS\RiOT-7-term-master\RiOT-7-term-master\Lab01\Lab01\UDP-client\UDP_Client.cpp(29,34): warning C4566: character represented by universal-character-name '\u0432' cannot be represented in the current code page (1252)
C:\Users\cns\MyInfo\University\DCS\RiOT-7-term-master\RiOT-7-term-master\Lab01\Lab01\UDP-client\UDP_Client.cpp(29,34): warning C4566: character represented by universal-character-name '\u044B' cannot be represented in the current code page (1252)
C:\Users\cns\MyInfo\University\DCS\RiOT-7-term-master\RiOT-7-term-master\Lab01\Lab01\UDP-client\UDP_Client.cpp(29,34): warning C4566: character represented by universal-character-name '\u043E' cannot be represented in the current code page (1252)
C:\Users\cns\MyInfo\University\DCS\RiOT-7-term-master\RiOT-7-term-master\Lab01\Lab01\UDP-client\UDP_Client.cpp(29,34): warning C4566: character represented by universal-character-name '\u043B' cannot be represented in the current code page (1252)
C:\Users\cns\MyInfo\University\DCS\RiOT-7-term-master\RiOT-7-term-master\Lab01\Lab01\UDP-client\UDP_Client.cpp(29,34): warning C4566: character represented by universal-character-name '\u043D' cannot be represented in the current code page (1252)
C:\Users\cns\MyInfo\University\DCS\RiOT-7-term-master\RiOT-7-term-master\Lab01\Lab01\UDP-client\UDP_Client.cpp(29,34): warning C4566: character represented by universal-character-name '\u0442' cannot be represented in the current code page (1252)
C:\Users\cns\MyInfo\University\DCS\RiOT-7-term-master\RiOT-7-term-master\Lab01\Lab01\UDP-client\UDP_Client.cpp(29,34): warning C4566: character represented by universal-character-name '\u0441' cannot be represented in the current code page (1252)
C:\Users\cns\MyInfo\University\DCS\RiOT-7-term-master\RiOT-7-term-master\Lab01\Lab01\UDP-client\UDP_Client.cpp(30,35): warning C4566: character represented by universal-character-name '\u0421' cannot be represented in the current code page (1252)
C:\Users\cns\MyInfo\University\DCS\RiOT-7-term-master\RiOT-7-term-master\Lab01\Lab01\UDP-client\UDP_Client.cpp(30,35): warning C4566: character represented by universal-character-name '\u043E' cannot be represented in the current code page (1252)
C:\Users\cns\MyInfo\University\DCS\RiOT-7-term-master\RiOT-7-term-master\Lab01\Lab01\UDP-client\UDP_Client.cpp(30,35): warning C4566: character represented by universal-character-name '\u043A' cannot be represented in the current code page (1252)
C:\Users\cns\MyInfo\University\DCS\RiOT-7-term-master\RiOT-7-term-master\Lab01\Lab01\UDP-client\UDP_Client.cpp(30,35): warning C4566: character represented by universal-character-name '\u0435' cannot be represented in the current code page (1252)
C:\Users\cns\MyInfo\University\DCS\RiOT-7-term-master\RiOT-7-term-master\Lab01\Lab01\UDP-client\UDP_Client.cpp(30,35): warning C4566: character represented by universal-character-name '\u0442' cannot be represented in the current code page (1252)
C:\Users\cns\MyInfo\University\DCS\RiOT-7-term-master\RiOT-7-term-master\Lab01\Lab01\UDP-client\UDP_Client.cpp(30,35): warning C4566: character represented by universal-character-name '\u0437' cannot be represented in the current code page (1252)
C:\Users\cns\MyInfo\University\DCS\RiOT-7-term-master\RiOT-7-term-master\Lab01\Lab01\UDP-client\UDP_Client.cpp(30,35): warning C4566: character represented by universal-character-name '\u0430' cannot be represented in the current code page (1252)
C:\Users\cns\MyInfo\University\DCS\RiOT-7-term-master\RiOT-7-term-master\Lab01\Lab01\UDP-client\UDP_Client.cpp(30,35): warning C4566: character represented by universal-character-name '\u0434' cannot be represented in the current code page (1252)
C:\Users\cns\MyInfo\University\DCS\RiOT-7-term-master\RiOT-7-term-master\Lab01\Lab01\UDP-client\UDP_Client.cpp(30,35): warning C4566: character represented by universal-character-name '\u043D' cannot be represented in the current code page (1252)
C:\Users\cns\MyInfo\University\DCS\RiOT-7-term-master\RiOT-7-term-master\Lab01\Lab01\UDP-client\UDP_Client.cpp(30,35): warning C4566: character represented by universal-character-name '\u043F' cannot be represented in the current code page (1252)
C:\Users\cns\MyInfo\University\DCS\RiOT-7-term-master\RiOT-7-term-master\Lab01\Lab01\UDP-client\UDP_Client.cpp(30,35): warning C4566: character represented by universal-character-name '\u0440' cannot be represented in the current code page (1252)
C:\Users\cns\MyInfo\University\DCS\RiOT-7-term-master\RiOT-7-term-master\Lab01\Lab01\UDP-client\UDP_Client.cpp(30,35): warning C4566: character represented by universal-character-name '\u0432' cannot be represented in the current code page (1252)
C:\Users\cns\MyInfo\University\DCS\RiOT-7-term-master\RiOT-7-term-master\Lab01\Lab01\UDP-client\UDP_Client.cpp(30,35): warning C4566: character represented by universal-character-name '\u0438' cannot be represented in the current code page (1252)
C:\Users\cns\MyInfo\University\DCS\RiOT-7-term-master\RiOT-7-term-master\Lab01\Lab01\UDP-client\UDP_Client.cpp(30,35): warning C4566: character represented by universal-character-name '\u043B' cannot be represented in the current code page (1252)
C:\Users\cns\MyInfo\University\DCS\RiOT-7-term-master\RiOT-7-term-master\Lab01\Lab01\UDP-client\UDP_Client.cpp(30,35): warning C4566: character represented by universal-character-name '\u044C' cannot be represented in the current code page (1252)
C:\Users\cns\MyInfo\University\DCS\RiOT-7-term-master\RiOT-7-term-master\Lab01\Lab01\UDP-client\UDP_Client.cpp(31,36): warning C4566: character represented by universal-character-name '\u0422' cannot be represented in the current code page (1252)
C:\Users\cns\MyInfo\University\DCS\RiOT-7-term-master\RiOT-7-term-master\Lab01\Lab01\UDP-client\UDP_Client.cpp(31,36): warning C4566: character represented by universal-character-name '\u0440' cannot be represented in the current code page (1252)
C:\Users\cns\MyInfo\University\DCS\RiOT-7-term-master\RiOT-7-term-master\Lab01\Lab01\UDP-client\UDP_Client.cpp(31,36): warning C4566: character represented by universal-character-name '\u0435' cannot be represented in the current code page (1252)
C:\Users\cns\MyInfo\University\DCS\RiOT-7-term-master\RiOT-7-term-master\Lab01\Lab01\UDP-client\UDP_Client.cpp(31,36): warning C4566: character represented by universal-character-name '\u0431' cannot be represented in the current code page (1252)
C:\Users\cns\MyInfo\University\DCS\RiOT-7-term-master\RiOT-7-term-master\Lab01\Lab01\UDP-client\UDP_Client.cpp(31,36): warning C4566: character represented by universal-character-name '\u0443' cannot be represented in the current code page (1252)
C:\Users\cns\MyInfo\University\DCS\RiOT-7-term-master\RiOT-7-term-master\Lab01\Lab01\UDP-client\UDP_Client.cpp(31,36): warning C4566: character represented by universal-character-name '\u0442' cannot be represented in the current code page (1252)
C:\Users\cns\MyInfo\University\DCS\RiOT-7-term-master\RiOT-7-term-master\Lab01\Lab01\UDP-client\UDP_Client.cpp(31,36): warning C4566: character represented by universal-character-name '\u0441' cannot be represented in the current code page (1252)
C:\Users\cns\MyInfo\University\DCS\RiOT-7-term-master\RiOT-7-term-master\Lab01\Lab01\UDP-client\UDP_Client.cpp(31,36): warning C4566: character represented by universal-character-name '\u044F' cannot be represented in the current code page (1252)
C:\Users\cns\MyInfo\University\DCS\RiOT-7-term-master\RiOT-7-term-master\Lab01\Lab01\UDP-client\UDP_Client.cpp(31,36): warning C4566: character represented by universal-character-name '\u0430' cannot be represented in the current code page (1252)
C:\Users\cns\MyInfo\University\DCS\RiOT-7-term-master\RiOT-7-term-master\Lab01\Lab01\UDP-client\UDP_Client.cpp(31,36): warning C4566: character represented by universal-character-name '\u0434' cannot be represented in the current code page (1252)
C:\Users\cns\MyInfo\University\DCS\RiOT-7-term-master\RiOT-7-term-master\Lab01\Lab01\UDP-client\UDP_Client.cpp(31,36): warning C4566: character represented by universal-character-name '\u043F' cannot be represented in the current code page (1252)
C:\Users\cns\MyInfo\University\DCS\RiOT-7-term-master\RiOT-7-term-master\Lab01\Lab01\UDP-client\UDP_Client.cpp(31,36): warning C4566: character represented by universal-character-name '\u043E' cannot be represented in the current code page (1252)
C:\Users\cns\MyInfo\University\DCS\RiOT-7-term-master\RiOT-7-term-master\Lab01\Lab01\UDP-client\UDP_Client.cpp(31,36): warning C4566: character represented by universal-character-name '\u043B' cannot be represented in the current code page (1252)
C:\Users\cns\MyInfo\University\DCS\RiOT-7-term-master\RiOT-7-term-master\Lab01\Lab01\UDP-client\UDP_Client.cpp(31,36): warning C4566: character represented by universal-character-name '\u0436' cannot be represented in the current code page (1252)
C:\Users\cns\MyInfo\University\DCS\RiOT-7-term-master\RiOT-7-term-master\Lab01\Lab01\UDP-client\UDP_Client.cpp(31,36): warning C4566: character represented by universal-character-name '\u043D' cannot be represented in the current code page (1252)
C:\Users\cns\MyInfo\University\DCS\RiOT-7-term-master\RiOT-7-term-master\Lab01\Lab01\UDP-client\UDP_Client.cpp(31,36): warning C4566: character represented by universal-character-name '\u0438' cannot be represented in the current code page (1252)
C:\Users\cns\MyInfo\University\DCS\RiOT-7-term-master\RiOT-7-term-master\Lab01\Lab01\UDP-client\UDP_Client.cpp(32,35): warning C4566: character represented by universal-character-name '\u0421' cannot be represented in the current code page (1252)
C:\Users\cns\MyInfo\University\DCS\RiOT-7-term-master\RiOT-7-term-master\Lab01\Lab01\UDP-client\UDP_Client.cpp(32,35): warning C4566: character represented by universal-character-name '\u043E' cannot be represented in the current code page (1252)
C:\Users\cns\MyInfo\University\DCS\RiOT-7-term-master\RiOT-7-term-master\Lab01\Lab01\UDP-client\UDP_Client.cpp(32,35): warning C4566: character represented by universal-character-name '\u0431' cannot be represented in the current code page (1252)
C:\Users\cns\MyInfo\University\DCS\RiOT-7-term-master\RiOT-7-term-master\Lab01\Lab01\UDP-client\UDP_Client.cpp(32,35): warning C4566: character represented by universal-character-name '\u0449' cannot be represented in the current code page (1252)
C:\Users\cns\MyInfo\University\DCS\RiOT-7-term-master\RiOT-7-term-master\Lab01\Lab01\UDP-client\UDP_Client.cpp(32,35): warning C4566: character represented by universal-character-name '\u0435' cannot be represented in the current code page (1252)
C:\Users\cns\MyInfo\University\DCS\RiOT-7-term-master\RiOT-7-term-master\Lab01\Lab01\UDP-client\UDP_Client.cpp(32,35): warning C4566: character represented by universal-character-name '\u043D' cannot be represented in the current code page (1252)
C:\Users\cns\MyInfo\University\DCS\RiOT-7-term-master\RiOT-7-term-master\Lab01\Lab01\UDP-client\UDP_Client.cpp(32,35): warning C4566: character represented by universal-character-name '\u0438' cannot be represented in the current code page (1252)
C:\Users\cns\MyInfo\University\DCS\RiOT-7-term-master\RiOT-7-term-master\Lab01\Lab01\UDP-client\UDP_Client.cpp(32,35): warning C4566: character represented by universal-character-name '\u0441' cannot be represented in the current code page (1252)
C:\Users\cns\MyInfo\University\DCS\RiOT-7-term-master\RiOT-7-term-master\Lab01\Lab01\UDP-client\UDP_Client.cpp(32,35): warning C4566: character represented by universal-character-name '\u043B' cannot be represented in the current code page (1252)
C:\Users\cns\MyInfo\University\DCS\RiOT-7-term-master\RiOT-7-term-master\Lab01\Lab01\UDP-client\UDP_Client.cpp(32,35): warning C4566: character represented by universal-character-name '\u0448' cannot be represented in the current code page (1252)
C:\Users\cns\MyInfo\University\DCS\RiOT-7-term-master\RiOT-7-term-master\Lab01\Lab01\UDP-client\UDP_Client.cpp(32,35): warning C4566: character represented by universal-character-name '\u043A' cannot be represented in the current code page (1252)
C:\Users\cns\MyInfo\University\DCS\RiOT-7-term-master\RiOT-7-term-master\Lab01\Lab01\UDP-client\UDP_Client.cpp(32,35): warning C4566: character represented by universal-character-name '\u043C' cannot be represented in the current code page (1252)
C:\Users\cns\MyInfo\University\DCS\RiOT-7-term-master\RiOT-7-term-master\Lab01\Lab01\UDP-client\UDP_Client.cpp(32,35): warning C4566: character represented by universal-character-name '\u0434' cannot be represented in the current code page (1252)
C:\Users\cns\MyInfo\University\DCS\RiOT-7-term-master\RiOT-7-term-master\Lab01\Lab01\UDP-client\UDP_Client.cpp(33,35): warning C4566: character represented by universal-character-name '\u041D' cannot be represented in the current code page (1252)
C:\Users\cns\MyInfo\University\DCS\RiOT-7-term-master\RiOT-7-term-master\Lab01\Lab01\UDP-client\UDP_Client.cpp(33,35): warning C4566: character represented by universal-character-name '\u0435' cannot be represented in the current code page (1252)
C:\Users\cns\MyInfo\University\DCS\RiOT-7-term-master\RiOT-7-term-master\Lab01\Lab01\UDP-client\UDP_Client.cpp(33,35): warning C4566: character represented by universal-character-name '\u043F' cannot be represented in the current code page (1252)
C:\Users\cns\MyInfo\University\DCS\RiOT-7-term-master\RiOT-7-term-master\Lab01\Lab01\UDP-client\UDP_Client.cpp(33,35): warning C4566: character represented by universal-character-name '\u0440' cannot be represented in the current code page (1252)
C:\Users\cns\MyInfo\University\DCS\RiOT-7-term-master\RiOT-7-term-master\Lab01\Lab01\UDP-client\UDP_Client.cpp(33,35): warning C4566: character represented by universal-character-name '\u0430' cannot be represented in the current code page (1252)
C:\Users\cns\MyInfo\University\DCS\RiOT-7-term-master\RiOT-7-term-master\Lab01\Lab01\UDP-client\UDP_Client.cpp(33,35): warning C4566: character represented by universal-character-name '\u0432' cannot be represented in the current code page (1252)
C:\Users\cns\MyInfo\University\DCS\RiOT-7-term-master\RiOT-7-term-master\Lab01\Lab01\UDP-client\UDP_Client.cpp(33,35): warning C4566: character represented by universal-character-name '\u0438' cannot be represented in the current code page (1252)
C:\Users\cns\MyInfo\University\DCS\RiOT-7-term-master\RiOT-7-term-master\Lab01\Lab01\UDP-client\UDP_Client.cpp(33,35): warning C4566: character represented by universal-character-name '\u043B' cannot be represented in the current code page (1252)
C:\Users\cns\MyInfo\University\DCS\RiOT-7-term-master\RiOT-7-term-master\Lab01\Lab01\UDP-client\UDP_Client.cpp(33,35): warning C4566: character represented by universal-character-name '\u044C' cannot be represented in the current code page (1252)
C:\Users\cns\MyInfo\University\DCS\RiOT-7-term-master\RiOT-7-term-master\Lab01\Lab01\UDP-client\UDP_Client.cpp(33,35): warning C4566: character represented by universal-character-name '\u043D' cannot be represented in the current code page (1252)
C:\Users\cns\MyInfo\University\DCS\RiOT-7-term-master\RiOT-7-term-master\Lab01\Lab01\UDP-client\UDP_Client.cpp(33,35): warning C4566: character represented by universal-character-name '\u044B' cannot be represented in the current code page (1252)
C:\Users\cns\MyInfo\University\DCS\RiOT-7-term-master\RiOT-7-term-master\Lab01\Lab01\UDP-client\UDP_Client.cpp(33,35): warning C4566: character represented by universal-character-name '\u0439' cannot be represented in the current code page (1252)
C:\Users\cns\MyInfo\University\DCS\RiOT-7-term-master\RiOT-7-term-master\Lab01\Lab01\UDP-client\UDP_Client.cpp(33,35): warning C4566: character represented by universal-character-name '\u0442' cannot be represented in the current code page (1252)
C:\Users\cns\MyInfo\University\DCS\RiOT-7-term-master\RiOT-7-term-master\Lab01\Lab01\UDP-client\UDP_Client.cpp(33,35): warning C4566: character represented by universal-character-name '\u043E' cannot be represented in the current code page (1252)
C:\Users\cns\MyInfo\University\DCS\RiOT-7-term-master\RiOT-7-term-master\Lab01\Lab01\UDP-client\UDP_Client.cpp(33,35): warning C4566: character represented by universal-character-name '\u043A' cannot be represented in the current code page (1252)
C:\Users\cns\MyInfo\University\DCS\RiOT-7-term-master\RiOT-7-term-master\Lab01\Lab01\UDP-client\UDP_Client.cpp(33,35): warning C4566: character represented by universal-character-name '\u0434' cannot be represented in the current code page (1252)
C:\Users\cns\MyInfo\University\DCS\RiOT-7-term-master\RiOT-7-term-master\Lab01\Lab01\UDP-client\UDP_Client.cpp(33,35): warning C4566: character represented by universal-character-name '\u044F' cannot be represented in the current code page (1252)
C:\Users\cns\MyInfo\University\DCS\RiOT-7-term-master\RiOT-7-term-master\Lab01\Lab01\UDP-client\UDP_Client.cpp(33,35): warning C4566: character represented by universal-character-name '\u0441' cannot be represented in the current code page (1252)
C:\Users\cns\MyInfo\University\DCS\RiOT-7-term-master\RiOT-7-term-master\Lab01\Lab01\UDP-client\UDP_Client.cpp(34,35): warning C4566: character represented by universal-character-name '\u041E' cannot be represented in the current code page (1252)
C:\Users\cns\MyInfo\University\DCS\RiOT-7-term-master\RiOT-7-term-master\Lab01\Lab01\UDP-client\UDP_Client.cpp(34,35): warning C4566: character represented by universal-character-name '\u0448' cannot be represented in the current code page (1252)
C:\Users\cns\MyInfo\University\DCS\RiOT-7-term-master\RiOT-7-term-master\Lab01\Lab01\UDP-client\UDP_Client.cpp(34,35): warning C4566: character represented by universal-character-name '\u0438' cannot be represented in the current code page (1252)
C:\Users\cns\MyInfo\University\DCS\RiOT-7-term-master\RiOT-7-term-master\Lab01\Lab01\UDP-client\UDP_Client.cpp(34,35): warning C4566: character represented by universal-character-name '\u0431' cannot be represented in the current code page (1252)
C:\Users\cns\MyInfo\University\DCS\RiOT-7-term-master\RiOT-7-term-master\Lab01\Lab01\UDP-client\UDP_Client.cpp(34,35): warning C4566: character represented by universal-character-name '\u043A' cannot be represented in the current code page (1252)
C:\Users\cns\MyInfo\University\DCS\RiOT-7-term-master\RiOT-7-term-master\Lab01\Lab01\UDP-client\UDP_Client.cpp(34,35): warning C4566: character represented by universal-character-name '\u0430' cannot be represented in the current code page (1252)
C:\Users\cns\MyInfo\University\DCS\RiOT-7-term-master\RiOT-7-term-master\Lab01\Lab01\UDP-client\UDP_Client.cpp(34,35): warning C4566: character represented by universal-character-name '\u0432' cannot be represented in the current code page (1252)
C:\Users\cns\MyInfo\University\DCS\RiOT-7-term-master\RiOT-7-term-master\Lab01\Lab01\UDP-client\UDP_Client.cpp(34,35): warning C4566: character represented by universal-character-name '\u043E' cannot be represented in the current code page (1252)
C:\Users\cns\MyInfo\University\DCS\RiOT-7-term-master\RiOT-7-term-master\Lab01\Lab01\UDP-client\UDP_Client.cpp(34,35): warning C4566: character represented by universal-character-name '\u043F' cannot be represented in the current code page (1252)
C:\Users\cns\MyInfo\University\DCS\RiOT-7-term-master\RiOT-7-term-master\Lab01\Lab01\UDP-client\UDP_Client.cpp(34,35): warning C4566: character represented by universal-character-name '\u0446' cannot be represented in the current code page (1252)
C:\Users\cns\MyInfo\University\DCS\RiOT-7-term-master\RiOT-7-term-master\Lab01\Lab01\UDP-client\UDP_Client.cpp(34,35): warning C4566: character represented by universal-character-name '\u0440' cannot be represented in the current code page (1252)
C:\Users\cns\MyInfo\University\DCS\RiOT-7-term-master\RiOT-7-term-master\Lab01\Lab01\UDP-client\UDP_Client.cpp(34,35): warning C4566: character represented by universal-character-name '\u0442' cannot be represented in the current code page (1252)
C:\Users\cns\MyInfo\University\DCS\RiOT-7-term-master\RiOT-7-term-master\Lab01\Lab01\UDP-client\UDP_Client.cpp(34,35): warning C4566: character represented by universal-character-name '\u043B' cannot be represented in the current code page (1252)
C:\Users\cns\MyInfo\University\DCS\RiOT-7-term-master\RiOT-7-term-master\Lab01\Lab01\UDP-client\UDP_Client.cpp(35,38): warning C4566: character represented by universal-character-name '\u041F' cannot be represented in the current code page (1252)
C:\Users\cns\MyInfo\University\DCS\RiOT-7-term-master\RiOT-7-term-master\Lab01\Lab01\UDP-client\UDP_Client.cpp(35,38): warning C4566: character represented by universal-character-name '\u0440' cannot be represented in the current code page (1252)
C:\Users\cns\MyInfo\University\DCS\RiOT-7-term-master\RiOT-7-term-master\Lab01\Lab01\UDP-client\UDP_Client.cpp(35,38): warning C4566: character represented by universal-character-name '\u043E' cannot be represented in the current code page (1252)
C:\Users\cns\MyInfo\University\DCS\RiOT-7-term-master\RiOT-7-term-master\Lab01\Lab01\UDP-client\UDP_Client.cpp(35,38): warning C4566: character represented by universal-character-name '\u0442' cannot be represented in the current code page (1252)
C:\Users\cns\MyInfo\University\DCS\RiOT-7-term-master\RiOT-7-term-master\Lab01\Lab01\UDP-client\UDP_Client.cpp(35,38): warning C4566: character represented by universal-character-name '\u043A' cannot be represented in the current code page (1252)
C:\Users\cns\MyInfo\University\DCS\RiOT-7-term-master\RiOT-7-term-master\Lab01\Lab01\UDP-client\UDP_Client.cpp(35,38): warning C4566: character represented by universal-character-name '\u043B' cannot be represented in the current code page (1252)
C:\Users\cns\MyInfo\University\DCS\RiOT-7-term-master\RiOT-7-term-master\Lab01\Lab01\UDP-client\UDP_Client.cpp(35,38): warning C4566: character represented by universal-character-name '\u043D' cannot be represented in the current code page (1252)
C:\Users\cns\MyInfo\University\DCS\RiOT-7-term-master\RiOT-7-term-master\Lab01\Lab01\UDP-client\UDP_Client.cpp(35,38): warning C4566: character represented by universal-character-name '\u0435' cannot be represented in the current code page (1252)
C:\Users\cns\MyInfo\University\DCS\RiOT-7-term-master\RiOT-7-term-master\Lab01\Lab01\UDP-client\UDP_Client.cpp(35,38): warning C4566: character represented by universal-character-name '\u043F' cannot be represented in the current code page (1252)
C:\Users\cns\MyInfo\University\DCS\RiOT-7-term-master\RiOT-7-term-master\Lab01\Lab01\UDP-client\UDP_Client.cpp(35,38): warning C4566: character represented by universal-character-name '\u0434' cannot be represented in the current code page (1252)
C:\Users\cns\MyInfo\University\DCS\RiOT-7-term-master\RiOT-7-term-master\Lab01\Lab01\UDP-client\UDP_Client.cpp(35,38): warning C4566: character represented by universal-character-name '\u0436' cannot be represented in the current code page (1252)
C:\Users\cns\MyInfo\University\DCS\RiOT-7-term-master\RiOT-7-term-master\Lab01\Lab01\UDP-client\UDP_Client.cpp(35,38): warning C4566: character represented by universal-character-name '\u0438' cannot be represented in the current code page (1252)
C:\Users\cns\MyInfo\University\DCS\RiOT-7-term-master\RiOT-7-term-master\Lab01\Lab01\UDP-client\UDP_Client.cpp(35,38): warning C4566: character represented by universal-character-name '\u0432' cannot be represented in the current code page (1252)
C:\Users\cns\MyInfo\University\DCS\RiOT-7-term-master\RiOT-7-term-master\Lab01\Lab01\UDP-client\UDP_Client.cpp(35,38): warning C4566: character represented by universal-character-name '\u0430' cannot be represented in the current code page (1252)
C:\Users\cns\MyInfo\University\DCS\RiOT-7-term-master\RiOT-7-term-master\Lab01\Lab01\UDP-client\UDP_Client.cpp(35,38): warning C4566: character represented by universal-character-name '\u0441' cannot be represented in the current code page (1252)
C:\Users\cns\MyInfo\University\DCS\RiOT-7-term-master\RiOT-7-term-master\Lab01\Lab01\UDP-client\UDP_Client.cpp(35,38): warning C4566: character represented by universal-character-name '\u044F' cannot be represented in the current code page (1252)
C:\Users\cns\MyInfo\University\DCS\RiOT-7-term-master\RiOT-7-term-master\Lab01\Lab01\UDP-client\UDP_Client.cpp(36,38): warning C4566: character represented by universal-character-name '\u0422' cannot be represented in the current code page (1252)
C:\Users\cns\MyInfo\University\DCS\RiOT-7-term-master\RiOT-7-term-master\Lab01\Lab01\UDP-client\UDP_Client.cpp(36,38): warning C4566: character represented by universal-character-name '\u0438' cannot be represented in the current code page (1252)
C:\Users\cns\MyInfo\University\DCS\RiOT-7-term-master\RiOT-7-term-master\Lab01\Lab01\UDP-client\UDP_Client.cpp(36,38): warning C4566: character represented by universal-character-name '\u043F' cannot be represented in the current code page (1252)
C:\Users\cns\MyInfo\University\DCS\RiOT-7-term-master\RiOT-7-term-master\Lab01\Lab01\UDP-client\UDP_Client.cpp(36,38): warning C4566: character represented by universal-character-name '\u0441' cannot be represented in the current code page (1252)
C:\Users\cns\MyInfo\University\DCS\RiOT-7-term-master\RiOT-7-term-master\Lab01\Lab01\UDP-client\UDP_Client.cpp(36,38): warning C4566: character represented by universal-character-name '\u043E' cannot be represented in the current code page (1252)
C:\Users\cns\MyInfo\University\DCS\RiOT-7-term-master\RiOT-7-term-master\Lab01\Lab01\UDP-client\UDP_Client.cpp(36,38): warning C4566: character represented by universal-character-name '\u043A' cannot be represented in the current code page (1252)
C:\Users\cns\MyInfo\University\DCS\RiOT-7-term-master\RiOT-7-term-master\Lab01\Lab01\UDP-client\UDP_Client.cpp(36,38): warning C4566: character represented by universal-character-name '\u0435' cannot be represented in the current code page (1252)
C:\Users\cns\MyInfo\University\DCS\RiOT-7-term-master\RiOT-7-term-master\Lab01\Lab01\UDP-client\UDP_Client.cpp(36,38): warning C4566: character represented by universal-character-name '\u0442' cannot be represented in the current code page (1252)
C:\Users\cns\MyInfo\University\DCS\RiOT-7-term-master\RiOT-7-term-master\Lab01\Lab01\UDP-client\UDP_Client.cpp(36,38): warning C4566: character represented by universal-character-name '\u0430' cannot be represented in the current code page (1252)
C:\Users\cns\MyInfo\University\DCS\RiOT-7-term-master\RiOT-7-term-master\Lab01\Lab01\UDP-client\UDP_Client.cpp(36,38): warning C4566: character represented by universal-character-name '\u043D' cannot be represented in the current code page (1252)
C:\Users\cns\MyInfo\University\DCS\RiOT-7-term-master\RiOT-7-term-master\Lab01\Lab01\UDP-client\UDP_Client.cpp(36,38): warning C4566: character represented by universal-character-name '\u0434' cannot be represented in the current code page (1252)
C:\Users\cns\MyInfo\University\DCS\RiOT-7-term-master\RiOT-7-term-master\Lab01\Lab01\UDP-client\UDP_Client.cpp(36,38): warning C4566: character represented by universal-character-name '\u0440' cannot be represented in the current code page (1252)
C:\Users\cns\MyInfo\University\DCS\RiOT-7-term-master\RiOT-7-term-master\Lab01\Lab01\UDP-client\UDP_Client.cpp(36,38): warning C4566: character represented by universal-character-name '\u0436' cannot be represented in the current code page (1252)
C:\Users\cns\MyInfo\University\DCS\RiOT-7-term-master\RiOT-7-term-master\Lab01\Lab01\UDP-client\UDP_Client.cpp(36,38): warning C4566: character represented by universal-character-name '\u0432' cannot be represented in the current code page (1252)
C:\Users\cns\MyInfo\University\DCS\RiOT-7-term-master\RiOT-7-term-master\Lab01\Lab01\UDP-client\UDP_Client.cpp(36,38): warning C4566: character represented by universal-character-name '\u044F' cannot be represented in the current code page (1252)
C:\Users\cns\MyInfo\University\DCS\RiOT-7-term-master\RiOT-7-term-master\Lab01\Lab01\UDP-client\UDP_Client.cpp(37,35): warning C4566: character represented by universal-character-name '\u041E' cannot be represented in the current code page (1252)
C:\Users\cns\MyInfo\University\DCS\RiOT-7-term-master\RiOT-7-term-master\Lab01\Lab01\UDP-client\UDP_Client.cpp(37,35): warning C4566: character represented by universal-character-name '\u043F' cannot be represented in the current code page (1252)
C:\Users\cns\MyInfo\University\DCS\RiOT-7-term-master\RiOT-7-term-master\Lab01\Lab01\UDP-client\UDP_Client.cpp(37,35): warning C4566: character represented by universal-character-name '\u0435' cannot be represented in the current code page (1252)
C:\Users\cns\MyInfo\University\DCS\RiOT-7-term-master\RiOT-7-term-master\Lab01\Lab01\UDP-client\UDP_Client.cpp(37,35): warning C4566: character represented by universal-character-name '\u0440' cannot be represented in the current code page (1252)
C:\Users\cns\MyInfo\University\DCS\RiOT-7-term-master\RiOT-7-term-master\Lab01\Lab01\UDP-client\UDP_Client.cpp(37,35): warning C4566: character represented by universal-character-name '\u0430' cannot be represented in the current code page (1252)
C:\Users\cns\MyInfo\University\DCS\RiOT-7-term-master\RiOT-7-term-master\Lab01\Lab01\UDP-client\UDP_Client.cpp(37,35): warning C4566: character represented by universal-character-name '\u0446' cannot be represented in the current code page (1252)
C:\Users\cns\MyInfo\University\DCS\RiOT-7-term-master\RiOT-7-term-master\Lab01\Lab01\UDP-client\UDP_Client.cpp(37,35): warning C4566: character represented by universal-character-name '\u0438' cannot be represented in the current code page (1252)
C:\Users\cns\MyInfo\University\DCS\RiOT-7-term-master\RiOT-7-term-master\Lab01\Lab01\UDP-client\UDP_Client.cpp(37,35): warning C4566: character represented by universal-character-name '\u044F' cannot be represented in the current code page (1252)
C:\Users\cns\MyInfo\University\DCS\RiOT-7-term-master\RiOT-7-term-master\Lab01\Lab01\UDP-client\UDP_Client.cpp(37,35): warning C4566: character represented by universal-character-name '\u043D' cannot be represented in the current code page (1252)
C:\Users\cns\MyInfo\University\DCS\RiOT-7-term-master\RiOT-7-term-master\Lab01\Lab01\UDP-client\UDP_Client.cpp(37,35): warning C4566: character represented by universal-character-name '\u043E' cannot be represented in the current code page (1252)
C:\Users\cns\MyInfo\University\DCS\RiOT-7-term-master\RiOT-7-term-master\Lab01\Lab01\UDP-client\UDP_Client.cpp(37,35): warning C4566: character represented by universal-character-name '\u0434' cannot be represented in the current code page (1252)
C:\Users\cns\MyInfo\University\DCS\RiOT-7-term-master\RiOT-7-term-master\Lab01\Lab01\UDP-client\UDP_Client.cpp(37,35): warning C4566: character represented by universal-character-name '\u0436' cannot be represented in the current code page (1252)
C:\Users\cns\MyInfo\University\DCS\RiOT-7-term-master\RiOT-7-term-master\Lab01\Lab01\UDP-client\UDP_Client.cpp(37,35): warning C4566: character represented by universal-character-name '\u0432' cannot be represented in the current code page (1252)
C:\Users\cns\MyInfo\University\DCS\RiOT-7-term-master\RiOT-7-term-master\Lab01\Lab01\UDP-client\UDP_Client.cpp(37,35): warning C4566: character represented by universal-character-name '\u0442' cannot be represented in the current code page (1252)
C:\Users\cns\MyInfo\University\DCS\RiOT-7-term-master\RiOT-7-term-master\Lab01\Lab01\UDP-client\UDP_Client.cpp(37,35): warning C4566: character represented by universal-character-name '\u0441' cannot be represented in the current code page (1252)
C:\Users\cns\MyInfo\University\DCS\RiOT-7-term-master\RiOT-7-term-master\Lab01\Lab01\UDP-client\UDP_Client.cpp(38,36): warning C4566: character represented by universal-character-name '\u0422' cannot be represented in the current code page (1252)
C:\Users\cns\MyInfo\University\DCS\RiOT-7-term-master\RiOT-7-term-master\Lab01\Lab01\UDP-client\UDP_Client.cpp(38,36): warning C4566: character represented by universal-character-name '\u0438' cannot be represented in the current code page (1252)
C:\Users\cns\MyInfo\University\DCS\RiOT-7-term-master\RiOT-7-term-master\Lab01\Lab01\UDP-client\UDP_Client.cpp(38,36): warning C4566: character represented by universal-character-name '\u043F' cannot be represented in the current code page (1252)
C:\Users\cns\MyInfo\University\DCS\RiOT-7-term-master\RiOT-7-term-master\Lab01\Lab01\UDP-client\UDP_Client.cpp(38,36): warning C4566: character represented by universal-character-name '\u0440' cannot be represented in the current code page (1252)
C:\Users\cns\MyInfo\University\DCS\RiOT-7-term-master\RiOT-7-term-master\Lab01\Lab01\UDP-client\UDP_Client.cpp(38,36): warning C4566: character represented by universal-character-name '\u043E' cannot be represented in the current code page (1252)
C:\Users\cns\MyInfo\University\DCS\RiOT-7-term-master\RiOT-7-term-master\Lab01\Lab01\UDP-client\UDP_Client.cpp(38,36): warning C4566: character represented by universal-character-name '\u0442' cannot be represented in the current code page (1252)
C:\Users\cns\MyInfo\University\DCS\RiOT-7-term-master\RiOT-7-term-master\Lab01\Lab01\UDP-client\UDP_Client.cpp(38,36): warning C4566: character represented by universal-character-name '\u043A' cannot be represented in the current code page (1252)
C:\Users\cns\MyInfo\University\DCS\RiOT-7-term-master\RiOT-7-term-master\Lab01\Lab01\UDP-client\UDP_Client.cpp(38,36): warning C4566: character represented by universal-character-name '\u043B' cannot be represented in the current code page (1252)
C:\Users\cns\MyInfo\University\DCS\RiOT-7-term-master\RiOT-7-term-master\Lab01\Lab01\UDP-client\UDP_Client.cpp(38,36): warning C4566: character represented by universal-character-name '\u0432' cannot be represented in the current code page (1252)
C:\Users\cns\MyInfo\University\DCS\RiOT-7-term-master\RiOT-7-term-master\Lab01\Lab01\UDP-client\UDP_Client.cpp(38,36): warning C4566: character represented by universal-character-name '\u043D' cannot be represented in the current code page (1252)
C:\Users\cns\MyInfo\University\DCS\RiOT-7-term-master\RiOT-7-term-master\Lab01\Lab01\UDP-client\UDP_Client.cpp(38,36): warning C4566: character represented by universal-character-name '\u0435' cannot be represented in the current code page (1252)
C:\Users\cns\MyInfo\University\DCS\RiOT-7-term-master\RiOT-7-term-master\Lab01\Lab01\UDP-client\UDP_Client.cpp(38,36): warning C4566: character represented by universal-character-name '\u0434' cannot be represented in the current code page (1252)
C:\Users\cns\MyInfo\University\DCS\RiOT-7-term-master\RiOT-7-term-master\Lab01\Lab01\UDP-client\UDP_Client.cpp(38,36): warning C4566: character represented by universal-character-name '\u0436' cannot be represented in the current code page (1252)
C:\Users\cns\MyInfo\University\DCS\RiOT-7-term-master\RiOT-7-term-master\Lab01\Lab01\UDP-client\UDP_Client.cpp(38,36): warning C4566: character represented by universal-character-name '\u0430' cannot be represented in the current code page (1252)
C:\Users\cns\MyInfo\University\DCS\RiOT-7-term-master\RiOT-7-term-master\Lab01\Lab01\UDP-client\UDP_Client.cpp(38,36): warning C4566: character represented by universal-character-name '\u0441' cannot be represented in the current code page (1252)
C:\Users\cns\MyInfo\University\DCS\RiOT-7-term-master\RiOT-7-term-master\Lab01\Lab01\UDP-client\UDP_Client.cpp(38,36): warning C4566: character represented by universal-character-name '\u044F' cannot be represented in the current code page (1252)
C:\Users\cns\MyInfo\University\DCS\RiOT-7-term-master\RiOT-7-term-master\Lab01\Lab01\UDP-client\UDP_Client.cpp(39,36): warning C4566: character represented by universal-character-name '\u0422' cannot be represented in the current code page (1252)
C:\Users\cns\MyInfo\University\DCS\RiOT-7-term-master\RiOT-7-term-master\Lab01\Lab01\UDP-client\UDP_Client.cpp(39,36): warning C4566: character represented by universal-character-name '\u0438' cannot be represented in the current code page (1252)
C:\Users\cns\MyInfo\University\DCS\RiOT-7-term-master\RiOT-7-term-master\Lab01\Lab01\UDP-client\UDP_Client.cpp(39,36): warning C4566: character represented by universal-character-name '\u043F' cannot be represented in the current code page (1252)
C:\Users\cns\MyInfo\University\DCS\RiOT-7-term-master\RiOT-7-term-master\Lab01\Lab01\UDP-client\UDP_Client.cpp(39,36): warning C4566: character represented by universal-character-name '\u0430' cannot be represented in the current code page (1252)
C:\Users\cns\MyInfo\University\DCS\RiOT-7-term-master\RiOT-7-term-master\Lab01\Lab01\UDP-client\UDP_Client.cpp(39,36): warning C4566: character represented by universal-character-name '\u0434' cannot be represented in the current code page (1252)
C:\Users\cns\MyInfo\University\DCS\RiOT-7-term-master\RiOT-7-term-master\Lab01\Lab01\UDP-client\UDP_Client.cpp(39,36): warning C4566: character represented by universal-character-name '\u0440' cannot be represented in the current code page (1252)
C:\Users\cns\MyInfo\University\DCS\RiOT-7-term-master\RiOT-7-term-master\Lab01\Lab01\UDP-client\UDP_Client.cpp(39,36): warning C4566: character represented by universal-character-name '\u0435' cannot be represented in the current code page (1252)
C:\Users\cns\MyInfo\University\DCS\RiOT-7-term-master\RiOT-7-term-master\Lab01\Lab01\UDP-client\UDP_Client.cpp(39,36): warning C4566: character represented by universal-character-name '\u0441' cannot be represented in the current code page (1252)
C:\Users\cns\MyInfo\University\DCS\RiOT-7-term-master\RiOT-7-term-master\Lab01\Lab01\UDP-client\UDP_Client.cpp(39,36): warning C4566: character represented by universal-character-name '\u043E' cannot be represented in the current code page (1252)
C:\Users\cns\MyInfo\University\DCS\RiOT-7-term-master\RiOT-7-term-master\Lab01\Lab01\UDP-client\UDP_Client.cpp(39,36): warning C4566: character represented by universal-character-name '\u0432' cannot be represented in the current code page (1252)
C:\Users\cns\MyInfo\University\DCS\RiOT-7-term-master\RiOT-7-term-master\Lab01\Lab01\UDP-client\UDP_Client.cpp(39,36): warning C4566: character represented by universal-character-name '\u043D' cannot be represented in the current code page (1252)
C:\Users\cns\MyInfo\University\DCS\RiOT-7-term-master\RiOT-7-term-master\Lab01\Lab01\UDP-client\UDP_Client.cpp(39,36): warning C4566: character represented by universal-character-name '\u0436' cannot be represented in the current code page (1252)
C:\Users\cns\MyInfo\University\DCS\RiOT-7-term-master\RiOT-7-term-master\Lab01\Lab01\UDP-client\UDP_Client.cpp(39,36): warning C4566: character represented by universal-character-name '\u0442' cannot be represented in the current code page (1252)
C:\Users\cns\MyInfo\University\DCS\RiOT-7-term-master\RiOT-7-term-master\Lab01\Lab01\UDP-client\UDP_Client.cpp(39,36): warning C4566: character represented by universal-character-name '\u044F' cannot be represented in the current code page (1252)
C:\Users\cns\MyInfo\University\DCS\RiOT-7-term-master\RiOT-7-term-master\Lab01\Lab01\UDP-client\UDP_Client.cpp(39,36): warning C4566: character represented by universal-character-name '\u043A' cannot be represented in the current code page (1252)
C:\Users\cns\MyInfo\University\DCS\RiOT-7-term-master\RiOT-7-term-master\Lab01\Lab01\UDP-client\UDP_Client.cpp(39,36): warning C4566: character represented by universal-character-name '\u043B' cannot be represented in the current code page (1252)
C:\Users\cns\MyInfo\University\DCS\RiOT-7-term-master\RiOT-7-term-master\Lab01\Lab01\UDP-client\UDP_Client.cpp(39,36): warning C4566: character represented by universal-character-name '\u043C' cannot be represented in the current code page (1252)
C:\Users\cns\MyInfo\University\DCS\RiOT-7-term-master\RiOT-7-term-master\Lab01\Lab01\UDP-client\UDP_Client.cpp(40,35): warning C4566: character represented by universal-character-name '\u0410' cannot be represented in the current code page (1252)
C:\Users\cns\MyInfo\University\DCS\RiOT-7-term-master\RiOT-7-term-master\Lab01\Lab01\UDP-client\UDP_Client.cpp(40,35): warning C4566: character represented by universal-character-name '\u0434' cannot be represented in the current code page (1252)
C:\Users\cns\MyInfo\University\DCS\RiOT-7-term-master\RiOT-7-term-master\Lab01\Lab01\UDP-client\UDP_Client.cpp(40,35): warning C4566: character represented by universal-character-name '\u0440' cannot be represented in the current code page (1252)
C:\Users\cns\MyInfo\University\DCS\RiOT-7-term-master\RiOT-7-term-master\Lab01\Lab01\UDP-client\UDP_Client.cpp(40,35): warning C4566: character represented by universal-character-name '\u0435' cannot be represented in the current code page (1252)
C:\Users\cns\MyInfo\University\DCS\RiOT-7-term-master\RiOT-7-term-master\Lab01\Lab01\UDP-client\UDP_Client.cpp(40,35): warning C4566: character represented by universal-character-name '\u0441' cannot be represented in the current code page (1252)
C:\Users\cns\MyInfo\University\DCS\RiOT-7-term-master\RiOT-7-term-master\Lab01\Lab01\UDP-client\UDP_Client.cpp(40,35): warning C4566: character represented by universal-character-name '\u0443' cannot be represented in the current code page (1252)
C:\Users\cns\MyInfo\University\DCS\RiOT-7-term-master\RiOT-7-term-master\Lab01\Lab01\UDP-client\UDP_Client.cpp(40,35): warning C4566: character represented by universal-character-name '\u0436' cannot be represented in the current code page (1252)
C:\Users\cns\MyInfo\University\DCS\RiOT-7-term-master\RiOT-7-term-master\Lab01\Lab01\UDP-client\UDP_Client.cpp(40,35): warning C4566: character represented by universal-character-name '\u0438' cannot be represented in the current code page (1252)
C:\Users\cns\MyInfo\University\DCS\RiOT-7-term-master\RiOT-7-term-master\Lab01\Lab01\UDP-client\UDP_Client.cpp(40,35): warning C4566: character represented by universal-character-name '\u043F' cannot be represented in the current code page (1252)
C:\Users\cns\MyInfo\University\DCS\RiOT-7-term-master\RiOT-7-term-master\Lab01\Lab01\UDP-client\UDP_Client.cpp(40,35): warning C4566: character represented by universal-character-name '\u043E' cannot be represented in the current code page (1252)
C:\Users\cns\MyInfo\University\DCS\RiOT-7-term-master\RiOT-7-term-master\Lab01\Lab01\UDP-client\UDP_Client.cpp(40,35): warning C4566: character represented by universal-character-name '\u043B' cannot be represented in the current code page (1252)
C:\Users\cns\MyInfo\University\DCS\RiOT-7-term-master\RiOT-7-term-master\Lab01\Lab01\UDP-client\UDP_Client.cpp(40,35): warning C4566: character represented by universal-character-name '\u044C' cannot be represented in the current code page (1252)
C:\Users\cns\MyInfo\University\DCS\RiOT-7-term-master\RiOT-7-term-master\Lab01\Lab01\UDP-client\UDP_Client.cpp(40,35): warning C4566: character represented by universal-character-name '\u0437' cannot be represented in the current code page (1252)
C:\Users\cns\MyInfo\University\DCS\RiOT-7-term-master\RiOT-7-term-master\Lab01\Lab01\UDP-client\UDP_Client.cpp(40,35): warning C4566: character represented by universal-character-name '\u0442' cannot be represented in the current code page (1252)
C:\Users\cns\MyInfo\University\DCS\RiOT-7-term-master\RiOT-7-term-master\Lab01\Lab01\UDP-client\UDP_Client.cpp(40,35): warning C4566: character represented by universal-character-name '\u044F' cannot be represented in the current code page (1252)
C:\Users\cns\MyInfo\University\DCS\RiOT-7-term-master\RiOT-7-term-master\Lab01\Lab01\UDP-client\UDP_Client.cpp(41,37): warning C4566: character represented by universal-character-name '\u0417' cannot be represented in the current code page (1252)
C:\Users\cns\MyInfo\University\DCS\RiOT-7-term-master\RiOT-7-term-master\Lab01\Lab01\UDP-client\UDP_Client.cpp(41,37): warning C4566: character represented by universal-character-name '\u0430' cannot be represented in the current code page (1252)
C:\Users\cns\MyInfo\University\DCS\RiOT-7-term-master\RiOT-7-term-master\Lab01\Lab01\UDP-client\UDP_Client.cpp(41,37): warning C4566: character represented by universal-character-name '\u043F' cannot be represented in the current code page (1252)
C:\Users\cns\MyInfo\University\DCS\RiOT-7-term-master\RiOT-7-term-master\Lab01\Lab01\UDP-client\UDP_Client.cpp(41,37): warning C4566: character represented by universal-character-name '\u0440' cannot be represented in the current code page (1252)
C:\Users\cns\MyInfo\University\DCS\RiOT-7-term-master\RiOT-7-term-master\Lab01\Lab01\UDP-client\UDP_Client.cpp(41,37): warning C4566: character represented by universal-character-name '\u043E' cannot be represented in the current code page (1252)
C:\Users\cns\MyInfo\University\DCS\RiOT-7-term-master\RiOT-7-term-master\Lab01\Lab01\UDP-client\UDP_Client.cpp(41,37): warning C4566: character represented by universal-character-name '\u0448' cannot be represented in the current code page (1252)
C:\Users\cns\MyInfo\University\DCS\RiOT-7-term-master\RiOT-7-term-master\Lab01\Lab01\UDP-client\UDP_Client.cpp(41,37): warning C4566: character represented by universal-character-name '\u0435' cannot be represented in the current code page (1252)
C:\Users\cns\MyInfo\University\DCS\RiOT-7-term-master\RiOT-7-term-master\Lab01\Lab01\UDP-client\UDP_Client.cpp(41,37): warning C4566: character represented by universal-character-name '\u043D' cannot be represented in the current code page (1252)
C:\Users\cns\MyInfo\University\DCS\RiOT-7-term-master\RiOT-7-term-master\Lab01\Lab01\UDP-client\UDP_Client.cpp(41,37): warning C4566: character represented by universal-character-name '\u044B' cannot be represented in the current code page (1252)
C:\Users\cns\MyInfo\University\DCS\RiOT-7-term-master\RiOT-7-term-master\Lab01\Lab01\UDP-client\UDP_Client.cpp(41,37): warning C4566: character represented by universal-character-name '\u0439' cannot be represented in the current code page (1252)
C:\Users\cns\MyInfo\University\DCS\RiOT-7-term-master\RiOT-7-term-master\Lab01\Lab01\UDP-client\UDP_Client.cpp(41,37): warning C4566: character represented by universal-character-name '\u0434' cannot be represented in the current code page (1252)
C:\Users\cns\MyInfo\University\DCS\RiOT-7-term-master\RiOT-7-term-master\Lab01\Lab01\UDP-client\UDP_Client.cpp(41,37): warning C4566: character represented by universal-character-name '\u0441' cannot be represented in the current code page (1252)
C:\Users\cns\MyInfo\University\DCS\RiOT-7-term-master\RiOT-7-term-master\Lab01\Lab01\UDP-client\UDP_Client.cpp(41,37): warning C4566: character represented by universal-character-name '\u043C' cannot be represented in the current code page (1252)
C:\Users\cns\MyInfo\University\DCS\RiOT-7-term-master\RiOT-7-term-master\Lab01\Lab01\UDP-client\UDP_Client.cpp(41,37): warning C4566: character represented by universal-character-name '\u0436' cannot be represented in the current code page (1252)
C:\Users\cns\MyInfo\University\DCS\RiOT-7-term-master\RiOT-7-term-master\Lab01\Lab01\UDP-client\UDP_Client.cpp(41,37): warning C4566: character represented by universal-character-name '\u0442' cannot be represented in the current code page (1252)
C:\Users\cns\MyInfo\University\DCS\RiOT-7-term-master\RiOT-7-term-master\Lab01\Lab01\UDP-client\UDP_Client.cpp(41,37): warning C4566: character represented by universal-character-name '\u0431' cannot be represented in the current code page (1252)
C:\Users\cns\MyInfo\University\DCS\RiOT-7-term-master\RiOT-7-term-master\Lab01\Lab01\UDP-client\UDP_Client.cpp(41,37): warning C4566: character represented by universal-character-name '\u044C' cannot be represented in the current code page (1252)
C:\Users\cns\MyInfo\University\DCS\RiOT-7-term-master\RiOT-7-term-master\Lab01\Lab01\UDP-client\UDP_Client.cpp(41,37): warning C4566: character represented by universal-character-name '\u0438' cannot be represented in the current code page (1252)
C:\Users\cns\MyInfo\University\DCS\RiOT-7-term-master\RiOT-7-term-master\Lab01\Lab01\UDP-client\UDP_Client.cpp(41,37): warning C4566: character represented by universal-character-name '\u043B' cannot be represented in the current code page (1252)
C:\Users\cns\MyInfo\University\DCS\RiOT-7-term-master\RiOT-7-term-master\Lab01\Lab01\UDP-client\UDP_Client.cpp(41,37): warning C4566: character represented by universal-character-name '\u0437' cannot be represented in the current code page (1252)
C:\Users\cns\MyInfo\University\DCS\RiOT-7-term-master\RiOT-7-term-master\Lab01\Lab01\UDP-client\UDP_Client.cpp(41,37): warning C4566: character represented by universal-character-name '\u0432' cannot be represented in the current code page (1252)
C:\Users\cns\MyInfo\University\DCS\RiOT-7-term-master\RiOT-7-term-master\Lab01\Lab01\UDP-client\UDP_Client.cpp(42,33): warning C4566: character represented by universal-character-name '\u0421' cannot be represented in the current code page (1252)
C:\Users\cns\MyInfo\University\DCS\RiOT-7-term-master\RiOT-7-term-master\Lab01\Lab01\UDP-client\UDP_Client.cpp(42,33): warning C4566: character represented by universal-character-name '\u0435' cannot be represented in the current code page (1252)
C:\Users\cns\MyInfo\University\DCS\RiOT-7-term-master\RiOT-7-term-master\Lab01\Lab01\UDP-client\UDP_Client.cpp(42,33): warning C4566: character represented by universal-character-name '\u0442' cannot be represented in the current code page (1252)
C:\Users\cns\MyInfo\University\DCS\RiOT-7-term-master\RiOT-7-term-master\Lab01\Lab01\UDP-client\UDP_Client.cpp(42,33): warning C4566: character represented by universal-character-name '\u044C' cannot be represented in the current code page (1252)
C:\Users\cns\MyInfo\University\DCS\RiOT-7-term-master\RiOT-7-term-master\Lab01\Lab01\UDP-client\UDP_Client.cpp(42,33): warning C4566: character represented by universal-character-name '\u043E' cannot be represented in the current code page (1252)
C:\Users\cns\MyInfo\University\DCS\RiOT-7-term-master\RiOT-7-term-master\Lab01\Lab01\UDP-client\UDP_Client.cpp(42,33): warning C4566: character represented by universal-character-name '\u043A' cannot be represented in the current code page (1252)
C:\Users\cns\MyInfo\University\DCS\RiOT-7-term-master\RiOT-7-term-master\Lab01\Lab01\UDP-client\UDP_Client.cpp(42,33): warning C4566: character represented by universal-character-name '\u043B' cannot be represented in the current code page (1252)
C:\Users\cns\MyInfo\University\DCS\RiOT-7-term-master\RiOT-7-term-master\Lab01\Lab01\UDP-client\UDP_Client.cpp(42,33): warning C4566: character represented by universal-character-name '\u044E' cannot be represented in the current code page (1252)
C:\Users\cns\MyInfo\University\DCS\RiOT-7-term-master\RiOT-7-term-master\Lab01\Lab01\UDP-client\UDP_Client.cpp(42,33): warning C4566: character represented by universal-character-name '\u0447' cannot be represented in the current code page (1252)
C:\Users\cns\MyInfo\University\DCS\RiOT-7-term-master\RiOT-7-term-master\Lab01\Lab01\UDP-client\UDP_Client.cpp(42,33): warning C4566: character represented by universal-character-name '\u043D' cannot be represented in the current code page (1252)
C:\Users\cns\MyInfo\University\DCS\RiOT-7-term-master\RiOT-7-term-master\Lab01\Lab01\UDP-client\UDP_Client.cpp(42,33): warning C4566: character represented by universal-character-name '\u0430' cannot be represented in the current code page (1252)
C:\Users\cns\MyInfo\University\DCS\RiOT-7-term-master\RiOT-7-term-master\Lab01\Lab01\UDP-client\UDP_Client.cpp(43,35): warning C4566: character represented by universal-character-name '\u0421' cannot be represented in the current code page (1252)
C:\Users\cns\MyInfo\University\DCS\RiOT-7-term-master\RiOT-7-term-master\Lab01\Lab01\UDP-client\UDP_Client.cpp(43,35): warning C4566: character represented by universal-character-name '\u0435' cannot be represented in the current code page (1252)
C:\Users\cns\MyInfo\University\DCS\RiOT-7-term-master\RiOT-7-term-master\Lab01\Lab01\UDP-client\UDP_Client.cpp(43,35): warning C4566: character represented by universal-character-name '\u0442' cannot be represented in the current code page (1252)
C:\Users\cns\MyInfo\University\DCS\RiOT-7-term-master\RiOT-7-term-master\Lab01\Lab01\UDP-client\UDP_Client.cpp(43,35): warning C4566: character represented by universal-character-name '\u044C' cannot be represented in the current code page (1252)
C:\Users\cns\MyInfo\University\DCS\RiOT-7-term-master\RiOT-7-term-master\Lab01\Lab01\UDP-client\UDP_Client.cpp(43,35): warning C4566: character represented by universal-character-name '\u043D' cannot be represented in the current code page (1252)
C:\Users\cns\MyInfo\University\DCS\RiOT-7-term-master\RiOT-7-term-master\Lab01\Lab01\UDP-client\UDP_Client.cpp(43,35): warning C4566: character represented by universal-character-name '\u0434' cannot be represented in the current code page (1252)
C:\Users\cns\MyInfo\University\DCS\RiOT-7-term-master\RiOT-7-term-master\Lab01\Lab01\UDP-client\UDP_Client.cpp(43,35): warning C4566: character represented by universal-character-name '\u043E' cannot be represented in the current code page (1252)
C:\Users\cns\MyInfo\University\DCS\RiOT-7-term-master\RiOT-7-term-master\Lab01\Lab01\UDP-client\UDP_Client.cpp(43,35): warning C4566: character represented by universal-character-name '\u0441' cannot be represented in the current code page (1252)
C:\Users\cns\MyInfo\University\DCS\RiOT-7-term-master\RiOT-7-term-master\Lab01\Lab01\UDP-client\UDP_Client.cpp(43,35): warning C4566: character represented by universal-character-name '\u0438' cannot be represented in the current code page (1252)
C:\Users\cns\MyInfo\University\DCS\RiOT-7-term-master\RiOT-7-term-master\Lab01\Lab01\UDP-client\UDP_Client.cpp(43,35): warning C4566: character represented by universal-character-name '\u0436' cannot be represented in the current code page (1252)
C:\Users\cns\MyInfo\University\DCS\RiOT-7-term-master\RiOT-7-term-master\Lab01\Lab01\UDP-client\UDP_Client.cpp(43,35): warning C4566: character represented by universal-character-name '\u043C' cannot be represented in the current code page (1252)
C:\Users\cns\MyInfo\University\DCS\RiOT-7-term-master\RiOT-7-term-master\Lab01\Lab01\UDP-client\UDP_Client.cpp(43,35): warning C4566: character represented by universal-character-name '\u0430' cannot be represented in the current code page (1252)
C:\Users\cns\MyInfo\University\DCS\RiOT-7-term-master\RiOT-7-term-master\Lab01\Lab01\UDP-client\UDP_Client.cpp(44,34): warning C4566: character represented by universal-character-name '\u0421' cannot be represented in the current code page (1252)
C:\Users\cns\MyInfo\University\DCS\RiOT-7-term-master\RiOT-7-term-master\Lab01\Lab01\UDP-client\UDP_Client.cpp(44,34): warning C4566: character represented by universal-character-name '\u0435' cannot be represented in the current code page (1252)
C:\Users\cns\MyInfo\University\DCS\RiOT-7-term-master\RiOT-7-term-master\Lab01\Lab01\UDP-client\UDP_Client.cpp(44,34): warning C4566: character represented by universal-character-name '\u0442' cannot be represented in the current code page (1252)
C:\Users\cns\MyInfo\University\DCS\RiOT-7-term-master\RiOT-7-term-master\Lab01\Lab01\UDP-client\UDP_Client.cpp(44,34): warning C4566: character represented by universal-character-name '\u044C' cannot be represented in the current code page (1252)
C:\Users\cns\MyInfo\University\DCS\RiOT-7-term-master\RiOT-7-term-master\Lab01\Lab01\UDP-client\UDP_Client.cpp(44,34): warning C4566: character represented by universal-character-name '\u0440' cannot be represented in the current code page (1252)
C:\Users\cns\MyInfo\University\DCS\RiOT-7-term-master\RiOT-7-term-master\Lab01\Lab01\UDP-client\UDP_Client.cpp(44,34): warning C4566: character represented by universal-character-name '\u0430' cannot be represented in the current code page (1252)
C:\Users\cns\MyInfo\University\DCS\RiOT-7-term-master\RiOT-7-term-master\Lab01\Lab01\UDP-client\UDP_Client.cpp(44,34): warning C4566: character represented by universal-character-name '\u0437' cannot be represented in the current code page (1252)
C:\Users\cns\MyInfo\University\DCS\RiOT-7-term-master\RiOT-7-term-master\Lab01\Lab01\UDP-client\UDP_Client.cpp(44,34): warning C4566: character represented by universal-character-name '\u043E' cannot be represented in the current code page (1252)
C:\Users\cns\MyInfo\University\DCS\RiOT-7-term-master\RiOT-7-term-master\Lab01\Lab01\UDP-client\UDP_Client.cpp(44,34): warning C4566: character represented by universal-character-name '\u0432' cannot be represented in the current code page (1252)
C:\Users\cns\MyInfo\University\DCS\RiOT-7-term-master\RiOT-7-term-master\Lab01\Lab01\UDP-client\UDP_Client.cpp(44,34): warning C4566: character represented by universal-character-name '\u043B' cannot be represented in the current code page (1252)
C:\Users\cns\MyInfo\University\DCS\RiOT-7-term-master\RiOT-7-term-master\Lab01\Lab01\UDP-client\UDP_Client.cpp(44,34): warning C4566: character represented by universal-character-name '\u0441' cannot be represented in the current code page (1252)
C:\Users\cns\MyInfo\University\DCS\RiOT-7-term-master\RiOT-7-term-master\Lab01\Lab01\UDP-client\UDP_Client.cpp(44,34): warning C4566: character represented by universal-character-name '\u0434' cannot be represented in the current code page (1252)
C:\Users\cns\MyInfo\University\DCS\RiOT-7-term-master\RiOT-7-term-master\Lab01\Lab01\UDP-client\UDP_Client.cpp(44,34): warning C4566: character represented by universal-character-name '\u0438' cannot be represented in the current code page (1252)
C:\Users\cns\MyInfo\University\DCS\RiOT-7-term-master\RiOT-7-term-master\Lab01\Lab01\UDP-client\UDP_Client.cpp(44,34): warning C4566: character represented by universal-character-name '\u043D' cannot be represented in the current code page (1252)
C:\Users\cns\MyInfo\University\DCS\RiOT-7-term-master\RiOT-7-term-master\Lab01\Lab01\UDP-client\UDP_Client.cpp(45,36): warning C4566: character represented by universal-character-name '\u041F' cannot be represented in the current code page (1252)
C:\Users\cns\MyInfo\University\DCS\RiOT-7-term-master\RiOT-7-term-master\Lab01\Lab01\UDP-client\UDP_Client.cpp(45,36): warning C4566: character represented by universal-character-name '\u0440' cannot be represented in the current code page (1252)
C:\Users\cns\MyInfo\University\DCS\RiOT-7-term-master\RiOT-7-term-master\Lab01\Lab01\UDP-client\UDP_Client.cpp(45,36): warning C4566: character represented by universal-character-name '\u043E' cannot be represented in the current code page (1252)
C:\Users\cns\MyInfo\University\DCS\RiOT-7-term-master\RiOT-7-term-master\Lab01\Lab01\UDP-client\UDP_Client.cpp(45,36): warning C4566: character represented by universal-character-name '\u0433' cannot be represented in the current code page (1252)
C:\Users\cns\MyInfo\University\DCS\RiOT-7-term-master\RiOT-7-term-master\Lab01\Lab01\UDP-client\UDP_Client.cpp(45,36): warning C4566: character represented by universal-character-name '\u0430' cannot be represented in the current code page (1252)
C:\Users\cns\MyInfo\University\DCS\RiOT-7-term-master\RiOT-7-term-master\Lab01\Lab01\UDP-client\UDP_Client.cpp(45,36): warning C4566: character represented by universal-character-name '\u043C' cannot be represented in the current code page (1252)
C:\Users\cns\MyInfo\University\DCS\RiOT-7-term-master\RiOT-7-term-master\Lab01\Lab01\UDP-client\UDP_Client.cpp(45,36): warning C4566: character represented by universal-character-name '\u043D' cannot be represented in the current code page (1252)
C:\Users\cns\MyInfo\University\DCS\RiOT-7-term-master\RiOT-7-term-master\Lab01\Lab01\UDP-client\UDP_Client.cpp(45,36): warning C4566: character represented by universal-character-name '\u044B' cannot be represented in the current code page (1252)
C:\Users\cns\MyInfo\University\DCS\RiOT-7-term-master\RiOT-7-term-master\Lab01\Lab01\UDP-client\UDP_Client.cpp(45,36): warning C4566: character represented by universal-character-name '\u0439' cannot be represented in the current code page (1252)
C:\Users\cns\MyInfo\University\DCS\RiOT-7-term-master\RiOT-7-term-master\Lab01\Lab01\UDP-client\UDP_Client.cpp(45,36): warning C4566: character represented by universal-character-name '\u0442' cannot be represented in the current code page (1252)
C:\Users\cns\MyInfo\University\DCS\RiOT-7-term-master\RiOT-7-term-master\Lab01\Lab01\UDP-client\UDP_Client.cpp(45,36): warning C4566: character represented by universal-character-name '\u043A' cannot be represented in the current code page (1252)
C:\Users\cns\MyInfo\University\DCS\RiOT-7-term-master\RiOT-7-term-master\Lab01\Lab01\UDP-client\UDP_Client.cpp(45,36): warning C4566: character represented by universal-character-name '\u0437' cannot be represented in the current code page (1252)
C:\Users\cns\MyInfo\University\DCS\RiOT-7-term-master\RiOT-7-term-master\Lab01\Lab01\UDP-client\UDP_Client.cpp(45,36): warning C4566: character represented by universal-character-name '\u0441' cannot be represented in the current code page (1252)
C:\Users\cns\MyInfo\University\DCS\RiOT-7-term-master\RiOT-7-term-master\Lab01\Lab01\UDP-client\UDP_Client.cpp(45,36): warning C4566: character represented by universal-character-name '\u0432' cannot be represented in the current code page (1252)
C:\Users\cns\MyInfo\University\DCS\RiOT-7-term-master\RiOT-7-term-master\Lab01\Lab01\UDP-client\UDP_Client.cpp(45,36): warning C4566: character represented by universal-character-name '\u044F' cannot be represented in the current code page (1252)
C:\Users\cns\MyInfo\University\DCS\RiOT-7-term-master\RiOT-7-term-master\Lab01\Lab01\UDP-client\UDP_Client.cpp(45,36): warning C4566: character represented by universal-character-name '\u0438' cannot be represented in the current code page (1252)
C:\Users\cns\MyInfo\University\DCS\RiOT-7-term-master\RiOT-7-term-master\Lab01\Lab01\UDP-client\UDP_Client.cpp(46,35): warning C4566: character represented by universal-character-name '\u0421' cannot be represented in the current code page (1252)
C:\Users\cns\MyInfo\University\DCS\RiOT-7-term-master\RiOT-7-term-master\Lab01\Lab01\UDP-client\UDP_Client.cpp(46,35): warning C4566: character represented by universal-character-name '\u0432' cannot be represented in the current code page (1252)
C:\Users\cns\MyInfo\University\DCS\RiOT-7-term-master\RiOT-7-term-master\Lab01\Lab01\UDP-client\UDP_Client.cpp(46,35): warning C4566: character represented by universal-character-name '\u044F' cannot be represented in the current code page (1252)
C:\Users\cns\MyInfo\University\DCS\RiOT-7-term-master\RiOT-7-term-master\Lab01\Lab01\UDP-client\UDP_Client.cpp(46,35): warning C4566: character represented by universal-character-name '\u0437' cannot be represented in the current code page (1252)
C:\Users\cns\MyInfo\University\DCS\RiOT-7-term-master\RiOT-7-term-master\Lab01\Lab01\UDP-client\UDP_Client.cpp(46,35): warning C4566: character represented by universal-character-name '\u044C' cannot be represented in the current code page (1252)
C:\Users\cns\MyInfo\University\DCS\RiOT-7-term-master\RiOT-7-term-master\Lab01\Lab01\UDP-client\UDP_Client.cpp(46,35): warning C4566: character represented by universal-character-name '\u043E' cannot be represented in the current code page (1252)
C:\Users\cns\MyInfo\University\DCS\RiOT-7-term-master\RiOT-7-term-master\Lab01\Lab01\UDP-client\UDP_Client.cpp(46,35): warning C4566: character represented by universal-character-name '\u0441' cannot be represented in the current code page (1252)
C:\Users\cns\MyInfo\University\DCS\RiOT-7-term-master\RiOT-7-term-master\Lab01\Lab01\UDP-client\UDP_Client.cpp(46,35): warning C4566: character represented by universal-character-name '\u0442' cannot be represented in the current code page (1252)
C:\Users\cns\MyInfo\University\DCS\RiOT-7-term-master\RiOT-7-term-master\Lab01\Lab01\UDP-client\UDP_Client.cpp(46,35): warning C4566: character represented by universal-character-name '\u0430' cannot be represented in the current code page (1252)
C:\Users\cns\MyInfo\University\DCS\RiOT-7-term-master\RiOT-7-term-master\Lab01\Lab01\UDP-client\UDP_Client.cpp(46,35): warning C4566: character represented by universal-character-name '\u043D' cannot be represented in the current code page (1252)
C:\Users\cns\MyInfo\University\DCS\RiOT-7-term-master\RiOT-7-term-master\Lab01\Lab01\UDP-client\UDP_Client.cpp(46,35): warning C4566: character represented by universal-character-name '\u043B' cannot be represented in the current code page (1252)
C:\Users\cns\MyInfo\University\DCS\RiOT-7-term-master\RiOT-7-term-master\Lab01\Lab01\UDP-client\UDP_Client.cpp(46,35): warning C4566: character represented by universal-character-name '\u0435' cannot be represented in the current code page (1252)
C:\Users\cns\MyInfo\University\DCS\RiOT-7-term-master\RiOT-7-term-master\Lab01\Lab01\UDP-client\UDP_Client.cpp(47,32): warning C4566: character represented by universal-character-name '\u041D' cannot be represented in the current code page (1252)
C:\Users\cns\MyInfo\University\DCS\RiOT-7-term-master\RiOT-7-term-master\Lab01\Lab01\UDP-client\UDP_Client.cpp(47,32): warning C4566: character represented by universal-character-name '\u0435' cannot be represented in the current code page (1252)
C:\Users\cns\MyInfo\University\DCS\RiOT-7-term-master\RiOT-7-term-master\Lab01\Lab01\UDP-client\UDP_Client.cpp(47,32): warning C4566: character represented by universal-character-name '\u0445' cannot be represented in the current code page (1252)
C:\Users\cns\MyInfo\University\DCS\RiOT-7-term-master\RiOT-7-term-master\Lab01\Lab01\UDP-client\UDP_Client.cpp(47,32): warning C4566: character represented by universal-character-name '\u0432' cannot be represented in the current code page (1252)
C:\Users\cns\MyInfo\University\DCS\RiOT-7-term-master\RiOT-7-term-master\Lab01\Lab01\UDP-client\UDP_Client.cpp(47,32): warning C4566: character represented by universal-character-name '\u0430' cannot be represented in the current code page (1252)
C:\Users\cns\MyInfo\University\DCS\RiOT-7-term-master\RiOT-7-term-master\Lab01\Lab01\UDP-client\UDP_Client.cpp(47,32): warning C4566: character represented by universal-character-name '\u0442' cannot be represented in the current code page (1252)
C:\Users\cns\MyInfo\University\DCS\RiOT-7-term-master\RiOT-7-term-master\Lab01\Lab01\UDP-client\UDP_Client.cpp(47,32): warning C4566: character represented by universal-character-name '\u043F' cannot be represented in the current code page (1252)
C:\Users\cns\MyInfo\University\DCS\RiOT-7-term-master\RiOT-7-term-master\Lab01\Lab01\UDP-client\UDP_Client.cpp(47,32): warning C4566: character represented by universal-character-name '\u043C' cannot be represented in the current code page (1252)
C:\Users\cns\MyInfo\University\DCS\RiOT-7-term-master\RiOT-7-term-master\Lab01\Lab01\UDP-client\UDP_Client.cpp(47,32): warning C4566: character represented by universal-character-name '\u044F' cannot be represented in the current code page (1252)
C:\Users\cns\MyInfo\University\DCS\RiOT-7-term-master\RiOT-7-term-master\Lab01\Lab01\UDP-client\UDP_Client.cpp(47,32): warning C4566: character represented by universal-character-name '\u0438' cannot be represented in the current code page (1252)
C:\Users\cns\MyInfo\University\DCS\RiOT-7-term-master\RiOT-7-term-master\Lab01\Lab01\UDP-client\UDP_Client.cpp(47,32): warning C4566: character represented by universal-character-name '\u0434' cannot be represented in the current code page (1252)
C:\Users\cns\MyInfo\University\DCS\RiOT-7-term-master\RiOT-7-term-master\Lab01\Lab01\UDP-client\UDP_Client.cpp(47,32): warning C4566: character represented by universal-character-name '\u043B' cannot be represented in the current code page (1252)
C:\Users\cns\MyInfo\University\DCS\RiOT-7-term-master\RiOT-7-term-master\Lab01\Lab01\UDP-client\UDP_Client.cpp(47,32): warning C4566: character represented by universal-character-name '\u0431' cannot be represented in the current code page (1252)
C:\Users\cns\MyInfo\University\DCS\RiOT-7-term-master\RiOT-7-term-master\Lab01\Lab01\UDP-client\UDP_Client.cpp(47,32): warning C4566: character represented by universal-character-name '\u0443' cannot be represented in the current code page (1252)
C:\Users\cns\MyInfo\University\DCS\RiOT-7-term-master\RiOT-7-term-master\Lab01\Lab01\UDP-client\UDP_Client.cpp(47,32): warning C4566: character represented by universal-character-name '\u0444' cannot be represented in the current code page (1252)
C:\Users\cns\MyInfo\University\DCS\RiOT-7-term-master\RiOT-7-term-master\Lab01\Lab01\UDP-client\UDP_Client.cpp(47,32): warning C4566: character represented by universal-character-name '\u0440' cannot be represented in the current code page (1252)
C:\Users\cns\MyInfo\University\DCS\RiOT-7-term-master\RiOT-7-term-master\Lab01\Lab01\UDP-client\UDP_Client.cpp(47,32): warning C4566: character represented by universal-character-name '\u043E' cannot be represented in the current code page (1252)
C:\Users\cns\MyInfo\University\DCS\RiOT-7-term-master\RiOT-7-term-master\Lab01\Lab01\UDP-client\UDP_Client.cpp(48,32): warning C4566: character represented by universal-character-name '\u0421' cannot be represented in the current code page (1252)
C:\Users\cns\MyInfo\University\DCS\RiOT-7-term-master\RiOT-7-term-master\Lab01\Lab01\UDP-client\UDP_Client.cpp(48,32): warning C4566: character represented by universal-character-name '\u043E' cannot be represented in the current code page (1252)
C:\Users\cns\MyInfo\University\DCS\RiOT-7-term-master\RiOT-7-term-master\Lab01\Lab01\UDP-client\UDP_Client.cpp(48,32): warning C4566: character represented by universal-character-name '\u043A' cannot be represented in the current code page (1252)
C:\Users\cns\MyInfo\University\DCS\RiOT-7-term-master\RiOT-7-term-master\Lab01\Lab01\UDP-client\UDP_Client.cpp(48,32): warning C4566: character represented by universal-character-name '\u0435' cannot be represented in the current code page (1252)
C:\Users\cns\MyInfo\University\DCS\RiOT-7-term-master\RiOT-7-term-master\Lab01\Lab01\UDP-client\UDP_Client.cpp(48,32): warning C4566: character represented by universal-character-name '\u0442' cannot be represented in the current code page (1252)
C:\Users\cns\MyInfo\University\DCS\RiOT-7-term-master\RiOT-7-term-master\Lab01\Lab01\UDP-client\UDP_Client.cpp(48,32): warning C4566: character represented by universal-character-name '\u0443' cannot be represented in the current code page (1252)
C:\Users\cns\MyInfo\University\DCS\RiOT-7-term-master\RiOT-7-term-master\Lab01\Lab01\UDP-client\UDP_Client.cpp(48,32): warning C4566: character represented by universal-character-name '\u0436' cannot be represented in the current code page (1252)
C:\Users\cns\MyInfo\University\DCS\RiOT-7-term-master\RiOT-7-term-master\Lab01\Lab01\UDP-client\UDP_Client.cpp(48,32): warning C4566: character represented by universal-character-name '\u043F' cannot be represented in the current code page (1252)
C:\Users\cns\MyInfo\University\DCS\RiOT-7-term-master\RiOT-7-term-master\Lab01\Lab01\UDP-client\UDP_Client.cpp(48,32): warning C4566: character represented by universal-character-name '\u0434' cannot be represented in the current code page (1252)
C:\Users\cns\MyInfo\University\DCS\RiOT-7-term-master\RiOT-7-term-master\Lab01\Lab01\UDP-client\UDP_Client.cpp(48,32): warning C4566: character represented by universal-character-name '\u043B' cannot be represented in the current code page (1252)
C:\Users\cns\MyInfo\University\DCS\RiOT-7-term-master\RiOT-7-term-master\Lab01\Lab01\UDP-client\UDP_Client.cpp(48,32): warning C4566: character represented by universal-character-name '\u044E' cannot be represented in the current code page (1252)
C:\Users\cns\MyInfo\University\DCS\RiOT-7-term-master\RiOT-7-term-master\Lab01\Lab01\UDP-client\UDP_Client.cpp(48,32): warning C4566: character represented by universal-character-name '\u0447' cannot be represented in the current code page (1252)
C:\Users\cns\MyInfo\University\DCS\RiOT-7-term-master\RiOT-7-term-master\Lab01\Lab01\UDP-client\UDP_Client.cpp(48,32): warning C4566: character represented by universal-character-name '\u043D' cannot be represented in the current code page (1252)
C:\Users\cns\MyInfo\University\DCS\RiOT-7-term-master\RiOT-7-term-master\Lab01\Lab01\UDP-client\UDP_Client.cpp(49,33): warning C4566: character represented by universal-character-name '\u0421' cannot be represented in the current code page (1252)
C:\Users\cns\MyInfo\University\DCS\RiOT-7-term-master\RiOT-7-term-master\Lab01\Lab01\UDP-client\UDP_Client.cpp(49,33): warning C4566: character represented by universal-character-name '\u043E' cannot be represented in the current code page (1252)
C:\Users\cns\MyInfo\University\DCS\RiOT-7-term-master\RiOT-7-term-master\Lab01\Lab01\UDP-client\UDP_Client.cpp(49,33): warning C4566: character represented by universal-character-name '\u043A' cannot be represented in the current code page (1252)
C:\Users\cns\MyInfo\University\DCS\RiOT-7-term-master\RiOT-7-term-master\Lab01\Lab01\UDP-client\UDP_Client.cpp(49,33): warning C4566: character represented by universal-character-name '\u0435' cannot be represented in the current code page (1252)
C:\Users\cns\MyInfo\University\DCS\RiOT-7-term-master\RiOT-7-term-master\Lab01\Lab01\UDP-client\UDP_Client.cpp(49,33): warning C4566: character represented by universal-character-name '\u0442' cannot be represented in the current code page (1252)
C:\Users\cns\MyInfo\University\DCS\RiOT-7-term-master\RiOT-7-term-master\Lab01\Lab01\UDP-client\UDP_Client.cpp(49,33): warning C4566: character represented by universal-character-name '\u043D' cannot be represented in the current code page (1252)
C:\Users\cns\MyInfo\University\DCS\RiOT-7-term-master\RiOT-7-term-master\Lab01\Lab01\UDP-client\UDP_Client.cpp(49,33): warning C4566: character represented by universal-character-name '\u043F' cannot be represented in the current code page (1252)
C:\Users\cns\MyInfo\University\DCS\RiOT-7-term-master\RiOT-7-term-master\Lab01\Lab01\UDP-client\UDP_Client.cpp(49,33): warning C4566: character represented by universal-character-name '\u0434' cannot be represented in the current code page (1252)
C:\Users\cns\MyInfo\University\DCS\RiOT-7-term-master\RiOT-7-term-master\Lab01\Lab01\UDP-client\UDP_Client.cpp(49,33): warning C4566: character represented by universal-character-name '\u043B' cannot be represented in the current code page (1252)
C:\Users\cns\MyInfo\University\DCS\RiOT-7-term-master\RiOT-7-term-master\Lab01\Lab01\UDP-client\UDP_Client.cpp(49,33): warning C4566: character represented by universal-character-name '\u044E' cannot be represented in the current code page (1252)
C:\Users\cns\MyInfo\University\DCS\RiOT-7-term-master\RiOT-7-term-master\Lab01\Lab01\UDP-client\UDP_Client.cpp(49,33): warning C4566: character represented by universal-character-name '\u0447' cannot be represented in the current code page (1252)
C:\Users\cns\MyInfo\University\DCS\RiOT-7-term-master\RiOT-7-term-master\Lab01\Lab01\UDP-client\UDP_Client.cpp(50,34): warning C4566: character represented by universal-character-name '\u041D' cannot be represented in the current code page (1252)
C:\Users\cns\MyInfo\University\DCS\RiOT-7-term-master\RiOT-7-term-master\Lab01\Lab01\UDP-client\UDP_Client.cpp(50,34): warning C4566: character represented by universal-character-name '\u0435' cannot be represented in the current code page (1252)
C:\Users\cns\MyInfo\University\DCS\RiOT-7-term-master\RiOT-7-term-master\Lab01\Lab01\UDP-client\UDP_Client.cpp(50,34): warning C4566: character represented by universal-character-name '\u043B' cannot be represented in the current code page (1252)
C:\Users\cns\MyInfo\University\DCS\RiOT-7-term-master\RiOT-7-term-master\Lab01\Lab01\UDP-client\UDP_Client.cpp(50,34): warning C4566: character represented by universal-character-name '\u044C' cannot be represented in the current code page (1252)
C:\Users\cns\MyInfo\University\DCS\RiOT-7-term-master\RiOT-7-term-master\Lab01\Lab01\UDP-client\UDP_Client.cpp(50,34): warning C4566: character represented by universal-character-name '\u0437' cannot be represented in the current code page (1252)
C:\Users\cns\MyInfo\University\DCS\RiOT-7-term-master\RiOT-7-term-master\Lab01\Lab01\UDP-client\UDP_Client.cpp(50,34): warning C4566: character represented by universal-character-name '\u044F' cannot be represented in the current code page (1252)
C:\Users\cns\MyInfo\University\DCS\RiOT-7-term-master\RiOT-7-term-master\Lab01\Lab01\UDP-client\UDP_Client.cpp(50,34): warning C4566: character represented by universal-character-name '\u0432' cannot be represented in the current code page (1252)
C:\Users\cns\MyInfo\University\DCS\RiOT-7-term-master\RiOT-7-term-master\Lab01\Lab01\UDP-client\UDP_Client.cpp(50,34): warning C4566: character represented by universal-character-name '\u044B' cannot be represented in the current code page (1252)
C:\Users\cns\MyInfo\University\DCS\RiOT-7-term-master\RiOT-7-term-master\Lab01\Lab01\UDP-client\UDP_Client.cpp(50,34): warning C4566: character represented by universal-character-name '\u043F' cannot be represented in the current code page (1252)
C:\Users\cns\MyInfo\University\DCS\RiOT-7-term-master\RiOT-7-term-master\Lab01\Lab01\UDP-client\UDP_Client.cpp(50,34): warning C4566: character represented by universal-character-name '\u043E' cannot be represented in the current code page (1252)
C:\Users\cns\MyInfo\University\DCS\RiOT-7-term-master\RiOT-7-term-master\Lab01\Lab01\UDP-client\UDP_Client.cpp(50,34): warning C4566: character represented by universal-character-name '\u043D' cannot be represented in the current code page (1252)
C:\Users\cns\MyInfo\University\DCS\RiOT-7-term-master\RiOT-7-term-master\Lab01\Lab01\UDP-client\UDP_Client.cpp(50,34): warning C4566: character represented by universal-character-name '\u0438' cannot be represented in the current code page (1252)
C:\Users\cns\MyInfo\University\DCS\RiOT-7-term-master\RiOT-7-term-master\Lab01\Lab01\UDP-client\UDP_Client.cpp(50,34): warning C4566: character represented by universal-character-name '\u0442' cannot be represented in the current code page (1252)
C:\Users\cns\MyInfo\University\DCS\RiOT-7-term-master\RiOT-7-term-master\Lab01\Lab01\UDP-client\UDP_Client.cpp(50,34): warning C4566: character represented by universal-character-name '\u0441' cannot be represented in the current code page (1252)
C:\Users\cns\MyInfo\University\DCS\RiOT-7-term-master\RiOT-7-term-master\Lab01\Lab01\UDP-client\UDP_Client.cpp(50,34): warning C4566: character represented by universal-character-name '\u043A' cannot be represented in the current code page (1252)
C:\Users\cns\MyInfo\University\DCS\RiOT-7-term-master\RiOT-7-term-master\Lab01\Lab01\UDP-client\UDP_Client.cpp(50,34): warning C4566: character represented by universal-character-name '\u0430' cannot be represented in the current code page (1252)
C:\Users\cns\MyInfo\University\DCS\RiOT-7-term-master\RiOT-7-term-master\Lab01\Lab01\UDP-client\UDP_Client.cpp(50,34): warning C4566: character represented by universal-character-name '\u0440' cannot be represented in the current code page (1252)
C:\Users\cns\MyInfo\University\DCS\RiOT-7-term-master\RiOT-7-term-master\Lab01\Lab01\UDP-client\UDP_Client.cpp(50,34): warning C4566: character represented by universal-character-name '\u0448' cannot be represented in the current code page (1252)
C:\Users\cns\MyInfo\University\DCS\RiOT-7-term-master\RiOT-7-term-master\Lab01\Lab01\UDP-client\UDP_Client.cpp(50,34): warning C4566: character represented by universal-character-name '\u0431' cannot be represented in the current code page (1252)
C:\Users\cns\MyInfo\University\DCS\RiOT-7-term-master\RiOT-7-term-master\Lab01\Lab01\UDP-client\UDP_Client.cpp(50,34): warning C4566: character represented by universal-character-name '\u0443' cannot be represented in the current code page (1252)
C:\Users\cns\MyInfo\University\DCS\RiOT-7-term-master\RiOT-7-term-master\Lab01\Lab01\UDP-client\UDP_Client.cpp(51,34): warning C4566: character represented by universal-character-name '\u0417' cannot be represented in the current code page (1252)
C:\Users\cns\MyInfo\University\DCS\RiOT-7-term-master\RiOT-7-term-master\Lab01\Lab01\UDP-client\UDP_Client.cpp(51,34): warning C4566: character represented by universal-character-name '\u0430' cannot be represented in the current code page (1252)
C:\Users\cns\MyInfo\University\DCS\RiOT-7-term-master\RiOT-7-term-master\Lab01\Lab01\UDP-client\UDP_Client.cpp(51,34): warning C4566: character represented by universal-character-name '\u043A' cannot be represented in the current code page (1252)
C:\Users\cns\MyInfo\University\DCS\RiOT-7-term-master\RiOT-7-term-master\Lab01\Lab01\UDP-client\UDP_Client.cpp(51,34): warning C4566: character represented by universal-character-name '\u043E' cannot be represented in the current code page (1252)
C:\Users\cns\MyInfo\University\DCS\RiOT-7-term-master\RiOT-7-term-master\Lab01\Lab01\UDP-client\UDP_Client.cpp(51,34): warning C4566: character represented by universal-character-name '\u043D' cannot be represented in the current code page (1252)
C:\Users\cns\MyInfo\University\DCS\RiOT-7-term-master\RiOT-7-term-master\Lab01\Lab01\UDP-client\UDP_Client.cpp(51,34): warning C4566: character represented by universal-character-name '\u0447' cannot be represented in the current code page (1252)
C:\Users\cns\MyInfo\University\DCS\RiOT-7-term-master\RiOT-7-term-master\Lab01\Lab01\UDP-client\UDP_Client.cpp(51,34): warning C4566: character represented by universal-character-name '\u0438' cannot be represented in the current code page (1252)
C:\Users\cns\MyInfo\University\DCS\RiOT-7-term-master\RiOT-7-term-master\Lab01\Lab01\UDP-client\UDP_Client.cpp(51,34): warning C4566: character represented by universal-character-name '\u043B' cannot be represented in the current code page (1252)
C:\Users\cns\MyInfo\University\DCS\RiOT-7-term-master\RiOT-7-term-master\Lab01\Lab01\UDP-client\UDP_Client.cpp(51,34): warning C4566: character represented by universal-character-name '\u0441' cannot be represented in the current code page (1252)
C:\Users\cns\MyInfo\University\DCS\RiOT-7-term-master\RiOT-7-term-master\Lab01\Lab01\UDP-client\UDP_Client.cpp(51,34): warning C4566: character represented by universal-character-name '\u044F' cannot be represented in the current code page (1252)
C:\Users\cns\MyInfo\University\DCS\RiOT-7-term-master\RiOT-7-term-master\Lab01\Lab01\UDP-client\UDP_Client.cpp(51,34): warning C4566: character represented by universal-character-name '\u0442' cannot be represented in the current code page (1252)
C:\Users\cns\MyInfo\University\DCS\RiOT-7-term-master\RiOT-7-term-master\Lab01\Lab01\UDP-client\UDP_Client.cpp(51,34): warning C4566: character represented by universal-character-name '\u0432' cannot be represented in the current code page (1252)
C:\Users\cns\MyInfo\University\DCS\RiOT-7-term-master\RiOT-7-term-master\Lab01\Lab01\UDP-client\UDP_Client.cpp(51,34): warning C4566: character represented by universal-character-name '\u0435' cannot be represented in the current code page (1252)
C:\Users\cns\MyInfo\University\DCS\RiOT-7-term-master\RiOT-7-term-master\Lab01\Lab01\UDP-client\UDP_Client.cpp(51,34): warning C4566: character represented by universal-character-name '\u0434' cannot be represented in the current code page (1252)
C:\Users\cns\MyInfo\University\DCS\RiOT-7-term-master\RiOT-7-term-master\Lab01\Lab01\UDP-client\UDP_Client.cpp(51,34): warning C4566: character represented by universal-character-name '\u044B' cannot be represented in the current code page (1252)
C:\Users\cns\MyInfo\University\DCS\RiOT-7-term-master\RiOT-7-term-master\Lab01\Lab01\UDP-client\UDP_Client.cpp(51,34): warning C4566: character represented by universal-character-name '\u0439' cannot be represented in the current code page (1252)
C:\Users\cns\MyInfo\University\DCS\RiOT-7-term-master\RiOT-7-term-master\Lab01\Lab01\UDP-client\UDP_Client.cpp(51,34): warning C4566: character represented by universal-character-name '\u0440' cannot be represented in the current code page (1252)
C:\Users\cns\MyInfo\University\DCS\RiOT-7-term-master\RiOT-7-term-master\Lab01\Lab01\UDP-client\UDP_Client.cpp(51,34): warning C4566: character represented by universal-character-name '\u043C' cannot be represented in the current code page (1252)
C:\Users\cns\MyInfo\University\DCS\RiOT-7-term-master\RiOT-7-term-master\Lab01\Lab01\UDP-client\UDP_Client.cpp(52,36): warning C4566: character represented by universal-character-name '\u0421' cannot be represented in the current code page (1252)
C:\Users\cns\MyInfo\University\DCS\RiOT-7-term-master\RiOT-7-term-master\Lab01\Lab01\UDP-client\UDP_Client.cpp(52,36): warning C4566: character represented by universal-character-name '\u043E' cannot be represented in the current code page (1252)
C:\Users\cns\MyInfo\University\DCS\RiOT-7-term-master\RiOT-7-term-master\Lab01\Lab01\UDP-client\UDP_Client.cpp(52,36): warning C4566: character represented by universal-character-name '\u0435' cannot be represented in the current code page (1252)
C:\Users\cns\MyInfo\University\DCS\RiOT-7-term-master\RiOT-7-term-master\Lab01\Lab01\UDP-client\UDP_Client.cpp(52,36): warning C4566: character represented by universal-character-name '\u0434' cannot be represented in the current code page (1252)
C:\Users\cns\MyInfo\University\DCS\RiOT-7-term-master\RiOT-7-term-master\Lab01\Lab01\UDP-client\UDP_Client.cpp(52,36): warning C4566: character represented by universal-character-name '\u0438' cannot be represented in the current code page (1252)
C:\Users\cns\MyInfo\University\DCS\RiOT-7-term-master\RiOT-7-term-master\Lab01\Lab01\UDP-client\UDP_Client.cpp(52,36): warning C4566: character represented by universal-character-name '\u043D' cannot be represented in the current code page (1252)
C:\Users\cns\MyInfo\University\DCS\RiOT-7-term-master\RiOT-7-term-master\Lab01\Lab01\UDP-client\UDP_Client.cpp(52,36): warning C4566: character represented by universal-character-name '\u0442' cannot be represented in the current code page (1252)
C:\Users\cns\MyInfo\University\DCS\RiOT-7-term-master\RiOT-7-term-master\Lab01\Lab01\UDP-client\UDP_Client.cpp(52,36): warning C4566: character represented by universal-character-name '\u043A' cannot be represented in the current code page (1252)
C:\Users\cns\MyInfo\University\DCS\RiOT-7-term-master\RiOT-7-term-master\Lab01\Lab01\UDP-client\UDP_Client.cpp(52,36): warning C4566: character represented by universal-character-name '\u043B' cannot be represented in the current code page (1252)
C:\Users\cns\MyInfo\University\DCS\RiOT-7-term-master\RiOT-7-term-master\Lab01\Lab01\UDP-client\UDP_Client.cpp(53,34): warning C4566: character represented by universal-character-name '\u0425' cannot be represented in the current code page (1252)
C:\Users\cns\MyInfo\University\DCS\RiOT-7-term-master\RiOT-7-term-master\Lab01\Lab01\UDP-client\UDP_Client.cpp(53,34): warning C4566: character represented by universal-character-name '\u043E' cannot be represented in the current code page (1252)
C:\Users\cns\MyInfo\University\DCS\RiOT-7-term-master\RiOT-7-term-master\Lab01\Lab01\UDP-client\UDP_Client.cpp(53,34): warning C4566: character represented by universal-character-name '\u0441' cannot be represented in the current code page (1252)
C:\Users\cns\MyInfo\University\DCS\RiOT-7-term-master\RiOT-7-term-master\Lab01\Lab01\UDP-client\UDP_Client.cpp(53,34): warning C4566: character represented by universal-character-name '\u0442' cannot be represented in the current code page (1252)
C:\Users\cns\MyInfo\University\DCS\RiOT-7-term-master\RiOT-7-term-master\Lab01\Lab01\UDP-client\UDP_Client.cpp(53,34): warning C4566: character represented by universal-character-name '\u0432' cannot be represented in the current code page (1252)
C:\Users\cns\MyInfo\University\DCS\RiOT-7-term-master\RiOT-7-term-master\Lab01\Lab01\UDP-client\UDP_Client.cpp(53,34): warning C4566: character represented by universal-character-name '\u043D' cannot be represented in the current code page (1252)
C:\Users\cns\MyInfo\University\DCS\RiOT-7-term-master\RiOT-7-term-master\Lab01\Lab01\UDP-client\UDP_Client.cpp(53,34): warning C4566: character represented by universal-character-name '\u0435' cannot be represented in the current code page (1252)
C:\Users\cns\MyInfo\University\DCS\RiOT-7-term-master\RiOT-7-term-master\Lab01\Lab01\UDP-client\UDP_Client.cpp(53,34): warning C4566: character represented by universal-character-name '\u0440' cannot be represented in the current code page (1252)
C:\Users\cns\MyInfo\University\DCS\RiOT-7-term-master\RiOT-7-term-master\Lab01\Lab01\UDP-client\UDP_Client.cpp(53,34): warning C4566: character represented by universal-character-name '\u0430' cannot be represented in the current code page (1252)
C:\Users\cns\MyInfo\University\DCS\RiOT-7-term-master\RiOT-7-term-master\Lab01\Lab01\UDP-client\UDP_Client.cpp(53,34): warning C4566: character represented by universal-character-name '\u0431' cannot be represented in the current code page (1252)
C:\Users\cns\MyInfo\University\DCS\RiOT-7-term-master\RiOT-7-term-master\Lab01\Lab01\UDP-client\UDP_Client.cpp(53,34): warning C4566: character represented by universal-character-name '\u043F' cannot be represented in the current code page (1252)
C:\Users\cns\MyInfo\University\DCS\RiOT-7-term-master\RiOT-7-term-master\Lab01\Lab01\UDP-client\UDP_Client.cpp(53,34): warning C4566: character represented by universal-character-name '\u043C' cannot be represented in the current code page (1252)
C:\Users\cns\MyInfo\University\DCS\RiOT-7-term-master\RiOT-7-term-master\Lab01\Lab01\UDP-client\UDP_Client.cpp(53,34): warning C4566: character represented by universal-character-name '\u044F' cannot be represented in the current code page (1252)
C:\Users\cns\MyInfo\University\DCS\RiOT-7-term-master\RiOT-7-term-master\Lab01\Lab01\UDP-client\UDP_Client.cpp(53,34): warning C4566: character represented by universal-character-name '\u0438' cannot be represented in the current code page (1252)
C:\Users\cns\MyInfo\University\DCS\RiOT-7-term-master\RiOT-7-term-master\Lab01\Lab01\UDP-client\UDP_Client.cpp(54,36): warning C4566: character represented by universal-character-name '\u041D' cannot be represented in the current code page (1252)
C:\Users\cns\MyInfo\University\DCS\RiOT-7-term-master\RiOT-7-term-master\Lab01\Lab01\UDP-client\UDP_Client.cpp(54,36): warning C4566: character represented by universal-character-name '\u0435' cannot be represented in the current code page (1252)
C:\Users\cns\MyInfo\University\DCS\RiOT-7-term-master\RiOT-7-term-master\Lab01\Lab01\UDP-client\UDP_Client.cpp(54,36): warning C4566: character represented by universal-character-name '\u0442' cannot be represented in the current code page (1252)
C:\Users\cns\MyInfo\University\DCS\RiOT-7-term-master\RiOT-7-term-master\Lab01\Lab01\UDP-client\UDP_Client.cpp(54,36): warning C4566: character represented by universal-character-name '\u043C' cannot be represented in the current code page (1252)
C:\Users\cns\MyInfo\University\DCS\RiOT-7-term-master\RiOT-7-term-master\Lab01\Lab01\UDP-client\UDP_Client.cpp(54,36): warning C4566: character represented by universal-character-name '\u0430' cannot be represented in the current code page (1252)
C:\Users\cns\MyInfo\University\DCS\RiOT-7-term-master\RiOT-7-term-master\Lab01\Lab01\UDP-client\UDP_Client.cpp(54,36): warning C4566: character represented by universal-character-name '\u0440' cannot be represented in the current code page (1252)
C:\Users\cns\MyInfo\University\DCS\RiOT-7-term-master\RiOT-7-term-master\Lab01\Lab01\UDP-client\UDP_Client.cpp(54,36): warning C4566: character represented by universal-character-name '\u0448' cannot be represented in the current code page (1252)
C:\Users\cns\MyInfo\University\DCS\RiOT-7-term-master\RiOT-7-term-master\Lab01\Lab01\UDP-client\UDP_Client.cpp(54,36): warning C4566: character represented by universal-character-name '\u0443' cannot be represented in the current code page (1252)
C:\Users\cns\MyInfo\University\DCS\RiOT-7-term-master\RiOT-7-term-master\Lab01\Lab01\UDP-client\UDP_Client.cpp(54,36): warning C4566: character represented by universal-character-name '\u0434' cannot be represented in the current code page (1252)
C:\Users\cns\MyInfo\University\DCS\RiOT-7-term-master\RiOT-7-term-master\Lab01\Lab01\UDP-client\UDP_Client.cpp(54,36): warning C4566: character represented by universal-character-name '\u043B' cannot be represented in the current code page (1252)
C:\Users\cns\MyInfo\University\DCS\RiOT-7-term-master\RiOT-7-term-master\Lab01\Lab01\UDP-client\UDP_Client.cpp(54,36): warning C4566: character represented by universal-character-name '\u044F' cannot be represented in the current code page (1252)
C:\Users\cns\MyInfo\University\DCS\RiOT-7-term-master\RiOT-7-term-master\Lab01\Lab01\UDP-client\UDP_Client.cpp(54,36): warning C4566: character represented by universal-character-name '\u0445' cannot be represented in the current code page (1252)
C:\Users\cns\MyInfo\University\DCS\RiOT-7-term-master\RiOT-7-term-master\Lab01\Lab01\UDP-client\UDP_Client.cpp(54,36): warning C4566: character represented by universal-character-name '\u043E' cannot be represented in the current code page (1252)
C:\Users\cns\MyInfo\University\DCS\RiOT-7-term-master\RiOT-7-term-master\Lab01\Lab01\UDP-client\UDP_Client.cpp(54,36): warning C4566: character represented by universal-character-name '\u0441' cannot be represented in the current code page (1252)
C:\Users\cns\MyInfo\University\DCS\RiOT-7-term-master\RiOT-7-term-master\Lab01\Lab01\UDP-client\UDP_Client.cpp(55,33): warning C4566: character represented by universal-character-name '\u0421' cannot be represented in the current code page (1252)
C:\Users\cns\MyInfo\University\DCS\RiOT-7-term-master\RiOT-7-term-master\Lab01\Lab01\UDP-client\UDP_Client.cpp(55,33): warning C4566: character represented by universal-character-name '\u043B' cannot be represented in the current code page (1252)
C:\Users\cns\MyInfo\University\DCS\RiOT-7-term-master\RiOT-7-term-master\Lab01\Lab01\UDP-client\UDP_Client.cpp(55,33): warning C4566: character represented by universal-character-name '\u0438' cannot be represented in the current code page (1252)
C:\Users\cns\MyInfo\University\DCS\RiOT-7-term-master\RiOT-7-term-master\Lab01\Lab01\UDP-client\UDP_Client.cpp(55,33): warning C4566: character represented by universal-character-name '\u0448' cannot be represented in the current code page (1252)
C:\Users\cns\MyInfo\University\DCS\RiOT-7-term-master\RiOT-7-term-master\Lab01\Lab01\UDP-client\UDP_Client.cpp(55,33): warning C4566: character represented by universal-character-name '\u043A' cannot be represented in the current code page (1252)
C:\Users\cns\MyInfo\University\DCS\RiOT-7-term-master\RiOT-7-term-master\Lab01\Lab01\UDP-client\UDP_Client.cpp(55,33): warning C4566: character represented by universal-character-name '\u043E' cannot be represented in the current code page (1252)
C:\Users\cns\MyInfo\University\DCS\RiOT-7-term-master\RiOT-7-term-master\Lab01\Lab01\UDP-client\UDP_Client.cpp(55,33): warning C4566: character represented by universal-character-name '\u043C' cannot be represented in the current code page (1252)
C:\Users\cns\MyInfo\University\DCS\RiOT-7-term-master\RiOT-7-term-master\Lab01\Lab01\UDP-client\UDP_Client.cpp(55,33): warning C4566: character represented by universal-character-name '\u043D' cannot be represented in the current code page (1252)
C:\Users\cns\MyInfo\University\DCS\RiOT-7-term-master\RiOT-7-term-master\Lab01\Lab01\UDP-client\UDP_Client.cpp(55,33): warning C4566: character represented by universal-character-name '\u0433' cannot be represented in the current code page (1252)
C:\Users\cns\MyInfo\University\DCS\RiOT-7-term-master\RiOT-7-term-master\Lab01\Lab01\UDP-client\UDP_Client.cpp(55,33): warning C4566: character represented by universal-character-name '\u043F' cannot be represented in the current code page (1252)
C:\Users\cns\MyInfo\University\DCS\RiOT-7-term-master\RiOT-7-term-master\Lab01\Lab01\UDP-client\UDP_Client.cpp(55,33): warning C4566: character represented by universal-character-name '\u0440' cannot be represented in the current code page (1252)
C:\Users\cns\MyInfo\University\DCS\RiOT-7-term-master\RiOT-7-term-master\Lab01\Lab01\UDP-client\UDP_Client.cpp(55,33): warning C4566: character represented by universal-character-name '\u0446' cannot be represented in the current code page (1252)
C:\Users\cns\MyInfo\University\DCS\RiOT-7-term-master\RiOT-7-term-master\Lab01\Lab01\UDP-client\UDP_Client.cpp(55,33): warning C4566: character represented by universal-character-name '\u0435' cannot be represented in the current code page (1252)
C:\Users\cns\MyInfo\University\DCS\RiOT-7-term-master\RiOT-7-term-master\Lab01\Lab01\UDP-client\UDP_Client.cpp(55,33): warning C4566: character represented by universal-character-name '\u0441' cannot be represented in the current code page (1252)
C:\Users\cns\MyInfo\University\DCS\RiOT-7-term-master\RiOT-7-term-master\Lab01\Lab01\UDP-client\UDP_Client.cpp(55,33): warning C4566: character represented by universal-character-name '\u0432' cannot be represented in the current code page (1252)
C:\Users\cns\MyInfo\University\DCS\RiOT-7-term-master\RiOT-7-term-master\Lab01\Lab01\UDP-client\UDP_Client.cpp(56,35): warning C4566: character represented by universal-character-name '\u0421' cannot be represented in the current code page (1252)
C:\Users\cns\MyInfo\University\DCS\RiOT-7-term-master\RiOT-7-term-master\Lab01\Lab01\UDP-client\UDP_Client.cpp(56,35): warning C4566: character represented by universal-character-name '\u0435' cannot be represented in the current code page (1252)
C:\Users\cns\MyInfo\University\DCS\RiOT-7-term-master\RiOT-7-term-master\Lab01\Lab01\UDP-client\UDP_Client.cpp(56,35): warning C4566: character represented by universal-character-name '\u0442' cannot be represented in the current code page (1252)
C:\Users\cns\MyInfo\University\DCS\RiOT-7-term-master\RiOT-7-term-master\Lab01\Lab01\UDP-client\UDP_Client.cpp(56,35): warning C4566: character represented by universal-character-name '\u044C' cannot be represented in the current code page (1252)
C:\Users\cns\MyInfo\University\DCS\RiOT-7-term-master\RiOT-7-term-master\Lab01\Lab01\UDP-client\UDP_Client.cpp(56,35): warning C4566: character represented by universal-character-name '\u043D' cannot be represented in the current code page (1252)
C:\Users\cns\MyInfo\University\DCS\RiOT-7-term-master\RiOT-7-term-master\Lab01\Lab01\UDP-client\UDP_Client.cpp(56,35): warning C4566: character represented by universal-character-name '\u0434' cannot be represented in the current code page (1252)
C:\Users\cns\MyInfo\University\DCS\RiOT-7-term-master\RiOT-7-term-master\Lab01\Lab01\UDP-client\UDP_Client.cpp(56,35): warning C4566: character represented by universal-character-name '\u043E' cannot be represented in the current code page (1252)
C:\Users\cns\MyInfo\University\DCS\RiOT-7-term-master\RiOT-7-term-master\Lab01\Lab01\UDP-client\UDP_Client.cpp(56,35): warning C4566: character represented by universal-character-name '\u0441' cannot be represented in the current code page (1252)
C:\Users\cns\MyInfo\University\DCS\RiOT-7-term-master\RiOT-7-term-master\Lab01\Lab01\UDP-client\UDP_Client.cpp(56,35): warning C4566: character represented by universal-character-name '\u0443' cannot be represented in the current code page (1252)
C:\Users\cns\MyInfo\University\DCS\RiOT-7-term-master\RiOT-7-term-master\Lab01\Lab01\UDP-client\UDP_Client.cpp(56,35): warning C4566: character represented by universal-character-name '\u043F' cannot be represented in the current code page (1252)
C:\Users\cns\MyInfo\University\DCS\RiOT-7-term-master\RiOT-7-term-master\Lab01\Lab01\UDP-client\UDP_Client.cpp(56,35): warning C4566: character represented by universal-character-name '\u0430' cannot be represented in the current code page (1252)
C:\Users\cns\MyInfo\University\DCS\RiOT-7-term-master\RiOT-7-term-master\Lab01\Lab01\UDP-client\UDP_Client.cpp(57,38): warning C4566: character represented by universal-character-name '\u0414' cannot be represented in the current code page (1252)
C:\Users\cns\MyInfo\University\DCS\RiOT-7-term-master\RiOT-7-term-master\Lab01\Lab01\UDP-client\UDP_Client.cpp(57,38): warning C4566: character represented by universal-character-name '\u0430' cannot be represented in the current code page (1252)
C:\Users\cns\MyInfo\University\DCS\RiOT-7-term-master\RiOT-7-term-master\Lab01\Lab01\UDP-client\UDP_Client.cpp(57,38): warning C4566: character represented by universal-character-name '\u043D' cannot be represented in the current code page (1252)
C:\Users\cns\MyInfo\University\DCS\RiOT-7-term-master\RiOT-7-term-master\Lab01\Lab01\UDP-client\UDP_Client.cpp(57,38): warning C4566: character represented by universal-character-name '\u044F' cannot be represented in the current code page (1252)
C:\Users\cns\MyInfo\University\DCS\RiOT-7-term-master\RiOT-7-term-master\Lab01\Lab01\UDP-client\UDP_Client.cpp(57,38): warning C4566: character represented by universal-character-name '\u0432' cannot be represented in the current code page (1252)
C:\Users\cns\MyInfo\University\DCS\RiOT-7-term-master\RiOT-7-term-master\Lab01\Lab01\UDP-client\UDP_Client.cpp(57,38): warning C4566: character represented by universal-character-name '\u0435' cannot be represented in the current code page (1252)
C:\Users\cns\MyInfo\University\DCS\RiOT-7-term-master\RiOT-7-term-master\Lab01\Lab01\UDP-client\UDP_Client.cpp(57,38): warning C4566: character represented by universal-character-name '\u0440' cannot be represented in the current code page (1252)
C:\Users\cns\MyInfo\University\DCS\RiOT-7-term-master\RiOT-7-term-master\Lab01\Lab01\UDP-client\UDP_Client.cpp(57,38): warning C4566: character represented by universal-character-name '\u0441' cannot be represented in the current code page (1252)
C:\Users\cns\MyInfo\University\DCS\RiOT-7-term-master\RiOT-7-term-master\Lab01\Lab01\UDP-client\UDP_Client.cpp(57,38): warning C4566: character represented by universal-character-name '\u0438' cannot be represented in the current code page (1252)
C:\Users\cns\MyInfo\University\DCS\RiOT-7-term-master\RiOT-7-term-master\Lab01\Lab01\UDP-client\UDP_Client.cpp(57,38): warning C4566: character represented by universal-character-name '\u0434' cannot be represented in the current code page (1252)
C:\Users\cns\MyInfo\University\DCS\RiOT-7-term-master\RiOT-7-term-master\Lab01\Lab01\UDP-client\UDP_Client.cpp(57,38): warning C4566: character represented by universal-character-name '\u043E' cannot be represented in the current code page (1252)
C:\Users\cns\MyInfo\University\DCS\RiOT-7-term-master\RiOT-7-term-master\Lab01\Lab01\UDP-client\UDP_Client.cpp(57,38): warning C4566: character represented by universal-character-name '\u0442' cannot be represented in the current code page (1252)
C:\Users\cns\MyInfo\University\DCS\RiOT-7-term-master\RiOT-7-term-master\Lab01\Lab01\UDP-client\UDP_Client.cpp(57,38): warning C4566: character represented by universal-character-name '\u0443' cannot be represented in the current code page (1252)
C:\Users\cns\MyInfo\University\DCS\RiOT-7-term-master\RiOT-7-term-master\Lab01\Lab01\UDP-client\UDP_Client.cpp(57,38): warning C4566: character represented by universal-character-name '\u043F' cannot be represented in the current code page (1252)
C:\Users\cns\MyInfo\University\DCS\RiOT-7-term-master\RiOT-7-term-master\Lab01\Lab01\UDP-client\UDP_Client.cpp(58,38): warning C4566: character represented by universal-character-name '\u041D' cannot be represented in the current code page (1252)
C:\Users\cns\MyInfo\University\DCS\RiOT-7-term-master\RiOT-7-term-master\Lab01\Lab01\UDP-client\UDP_Client.cpp(58,38): warning C4566: character represented by universal-character-name '\u0435' cannot be represented in the current code page (1252)
C:\Users\cns\MyInfo\University\DCS\RiOT-7-term-master\RiOT-7-term-master\Lab01\Lab01\UDP-client\UDP_Client.cpp(58,38): warning C4566: character represented by universal-character-name '\u0432' cannot be represented in the current code page (1252)
C:\Users\cns\MyInfo\University\DCS\RiOT-7-term-master\RiOT-7-term-master\Lab01\Lab01\UDP-client\UDP_Client.cpp(58,38): warning C4566: character represented by universal-character-name '\u044B' cannot be represented in the current code page (1252)
C:\Users\cns\MyInfo\University\DCS\RiOT-7-term-master\RiOT-7-term-master\Lab01\Lab01\UDP-client\UDP_Client.cpp(58,38): warning C4566: character represented by universal-character-name '\u043F' cannot be represented in the current code page (1252)
C:\Users\cns\MyInfo\University\DCS\RiOT-7-term-master\RiOT-7-term-master\Lab01\Lab01\UDP-client\UDP_Client.cpp(58,38): warning C4566: character represented by universal-character-name '\u043E' cannot be represented in the current code page (1252)
C:\Users\cns\MyInfo\University\DCS\RiOT-7-term-master\RiOT-7-term-master\Lab01\Lab01\UDP-client\UDP_Client.cpp(58,38): warning C4566: character represented by universal-character-name '\u043B' cannot be represented in the current code page (1252)
C:\Users\cns\MyInfo\University\DCS\RiOT-7-term-master\RiOT-7-term-master\Lab01\Lab01\UDP-client\UDP_Client.cpp(58,38): warning C4566: character represented by universal-character-name '\u043D' cannot be represented in the current code page (1252)
C:\Users\cns\MyInfo\University\DCS\RiOT-7-term-master\RiOT-7-term-master\Lab01\Lab01\UDP-client\UDP_Client.cpp(58,38): warning C4566: character represented by universal-character-name '\u0430' cannot be represented in the current code page (1252)
C:\Users\cns\MyInfo\University\DCS\RiOT-7-term-master\RiOT-7-term-master\Lab01\Lab01\UDP-client\UDP_Client.cpp(58,38): warning C4566: character represented by universal-character-name '\u0438' cannot be represented in the current code page (1252)
C:\Users\cns\MyInfo\University\DCS\RiOT-7-term-master\RiOT-7-term-master\Lab01\Lab01\UDP-client\UDP_Client.cpp(58,38): warning C4566: character represented by universal-character-name '\u0446' cannot be represented in the current code page (1252)
C:\Users\cns\MyInfo\University\DCS\RiOT-7-term-master\RiOT-7-term-master\Lab01\Lab01\UDP-client\UDP_Client.cpp(58,38): warning C4566: character represented by universal-character-name '\u0437' cannot be represented in the current code page (1252)
C:\Users\cns\MyInfo\University\DCS\RiOT-7-term-master\RiOT-7-term-master\Lab01\Lab01\UDP-client\UDP_Client.cpp(58,38): warning C4566: character represented by universal-character-name '\u044F' cannot be represented in the current code page (1252)
C:\Users\cns\MyInfo\University\DCS\RiOT-7-term-master\RiOT-7-term-master\Lab01\Lab01\UDP-client\UDP_Client.cpp(59,32): warning C4566: character represented by universal-character-name '\u0412' cannot be represented in the current code page (1252)
C:\Users\cns\MyInfo\University\DCS\RiOT-7-term-master\RiOT-7-term-master\Lab01\Lab01\UDP-client\UDP_Client.cpp(59,32): warning C4566: character represented by universal-character-name '\u044B' cannot be represented in the current code page (1252)
C:\Users\cns\MyInfo\University\DCS\RiOT-7-term-master\RiOT-7-term-master\Lab01\Lab01\UDP-client\UDP_Client.cpp(59,32): warning C4566: character represented by universal-character-name '\u043F' cannot be represented in the current code page (1252)
C:\Users\cns\MyInfo\University\DCS\RiOT-7-term-master\RiOT-7-term-master\Lab01\Lab01\UDP-client\UDP_Client.cpp(59,32): warning C4566: character represented by universal-character-name '\u043E' cannot be represented in the current code page (1252)
C:\Users\cns\MyInfo\University\DCS\RiOT-7-term-master\RiOT-7-term-master\Lab01\Lab01\UDP-client\UDP_Client.cpp(59,32): warning C4566: character represented by universal-character-name '\u043B' cannot be represented in the current code page (1252)
C:\Users\cns\MyInfo\University\DCS\RiOT-7-term-master\RiOT-7-term-master\Lab01\Lab01\UDP-client\UDP_Client.cpp(59,32): warning C4566: character represented by universal-character-name '\u043D' cannot be represented in the current code page (1252)
C:\Users\cns\MyInfo\University\DCS\RiOT-7-term-master\RiOT-7-term-master\Lab01\Lab01\UDP-client\UDP_Client.cpp(59,32): warning C4566: character represented by universal-character-name '\u044F' cannot be represented in the current code page (1252)
C:\Users\cns\MyInfo\University\DCS\RiOT-7-term-master\RiOT-7-term-master\Lab01\Lab01\UDP-client\UDP_Client.cpp(59,32): warning C4566: character represented by universal-character-name '\u0435' cannot be represented in the current code page (1252)
C:\Users\cns\MyInfo\University\DCS\RiOT-7-term-master\RiOT-7-term-master\Lab01\Lab01\UDP-client\UDP_Client.cpp(59,32): warning C4566: character represented by universal-character-name '\u0442' cannot be represented in the current code page (1252)
C:\Users\cns\MyInfo\University\DCS\RiOT-7-term-master\RiOT-7-term-master\Lab01\Lab01\UDP-client\UDP_Client.cpp(59,32): warning C4566: character represented by universal-character-name '\u0441' cannot be represented in the current code page (1252)
C:\Users\cns\MyInfo\University\DCS\RiOT-7-term-master\RiOT-7-term-master\Lab01\Lab01\UDP-client\UDP_Client.cpp(59,32): warning C4566: character represented by universal-character-name '\u043A' cannot be represented in the current code page (1252)
C:\Users\cns\MyInfo\University\DCS\RiOT-7-term-master\RiOT-7-term-master\Lab01\Lab01\UDP-client\UDP_Client.cpp(59,32): warning C4566: character represented by universal-character-name '\u044E' cannot be represented in the current code page (1252)
C:\Users\cns\MyInfo\University\DCS\RiOT-7-term-master\RiOT-7-term-master\Lab01\Lab01\UDP-client\UDP_Client.cpp(59,32): warning C4566: character represented by universal-character-name '\u0447' cannot be represented in the current code page (1252)
C:\Users\cns\MyInfo\University\DCS\RiOT-7-term-master\RiOT-7-term-master\Lab01\Lab01\UDP-client\UDP_Client.cpp(59,32): warning C4566: character represented by universal-character-name '\u0438' cannot be represented in the current code page (1252)
C:\Users\cns\MyInfo\University\DCS\RiOT-7-term-master\RiOT-7-term-master\Lab01\Lab01\UDP-client\UDP_Client.cpp(60,38): warning C4566: character represented by universal-character-name '\u041A' cannot be represented in the current code page (1252)
C:\Users\cns\MyInfo\University\DCS\RiOT-7-term-master\RiOT-7-term-master\Lab01\Lab01\UDP-client\UDP_Client.cpp(60,38): warning C4566: character represented by universal-character-name '\u043B' cannot be represented in the current code page (1252)
C:\Users\cns\MyInfo\University\DCS\RiOT-7-term-master\RiOT-7-term-master\Lab01\Lab01\UDP-client\UDP_Client.cpp(60,38): warning C4566: character represented by universal-character-name '\u0430' cannot be represented in the current code page (1252)
C:\Users\cns\MyInfo\University\DCS\RiOT-7-term-master\RiOT-7-term-master\Lab01\Lab01\UDP-client\UDP_Client.cpp(60,38): warning C4566: character represented by universal-character-name '\u0441' cannot be represented in the current code page (1252)
C:\Users\cns\MyInfo\University\DCS\RiOT-7-term-master\RiOT-7-term-master\Lab01\Lab01\UDP-client\UDP_Client.cpp(60,38): warning C4566: character represented by universal-character-name '\u043D' cannot be represented in the current code page (1252)
C:\Users\cns\MyInfo\University\DCS\RiOT-7-term-master\RiOT-7-term-master\Lab01\Lab01\UDP-client\UDP_Client.cpp(60,38): warning C4566: character represented by universal-character-name '\u0435' cannot be represented in the current code page (1252)
C:\Users\cns\MyInfo\University\DCS\RiOT-7-term-master\RiOT-7-term-master\Lab01\Lab01\UDP-client\UDP_Client.cpp(60,38): warning C4566: character represented by universal-character-name '\u0439' cannot be represented in the current code page (1252)
C:\Users\cns\MyInfo\University\DCS\RiOT-7-term-master\RiOT-7-term-master\Lab01\Lab01\UDP-client\UDP_Client.cpp(60,38): warning C4566: character represented by universal-character-name '\u0434' cannot be represented in the current code page (1252)
C:\Users\cns\MyInfo\University\DCS\RiOT-7-term-master\RiOT-7-term-master\Lab01\Lab01\UDP-client\UDP_Client.cpp(61,38): warning C4566: character represented by universal-character-name '\u0425' cannot be represented in the current code page (1252)
C:\Users\cns\MyInfo\University\DCS\RiOT-7-term-master\RiOT-7-term-master\Lab01\Lab01\UDP-client\UDP_Client.cpp(61,38): warning C4566: character represented by universal-character-name '\u043E' cannot be represented in the current code page (1252)
C:\Users\cns\MyInfo\University\DCS\RiOT-7-term-master\RiOT-7-term-master\Lab01\Lab01\UDP-client\UDP_Client.cpp(61,38): warning C4566: character represented by universal-character-name '\u0441' cannot be represented in the current code page (1252)
C:\Users\cns\MyInfo\University\DCS\RiOT-7-term-master\RiOT-7-term-master\Lab01\Lab01\UDP-client\UDP_Client.cpp(61,38): warning C4566: character represented by universal-character-name '\u0442' cannot be represented in the current code page (1252)
C:\Users\cns\MyInfo\University\DCS\RiOT-7-term-master\RiOT-7-term-master\Lab01\Lab01\UDP-client\UDP_Client.cpp(61,38): warning C4566: character represented by universal-character-name '\u043D' cannot be represented in the current code page (1252)
C:\Users\cns\MyInfo\University\DCS\RiOT-7-term-master\RiOT-7-term-master\Lab01\Lab01\UDP-client\UDP_Client.cpp(61,38): warning C4566: character represented by universal-character-name '\u0435' cannot be represented in the current code page (1252)
C:\Users\cns\MyInfo\University\DCS\RiOT-7-term-master\RiOT-7-term-master\Lab01\Lab01\UDP-client\UDP_Client.cpp(61,38): warning C4566: character represented by universal-character-name '\u0430' cannot be represented in the current code page (1252)
C:\Users\cns\MyInfo\University\DCS\RiOT-7-term-master\RiOT-7-term-master\Lab01\Lab01\UDP-client\UDP_Client.cpp(61,38): warning C4566: character represented by universal-character-name '\u0439' cannot be represented in the current code page (1252)
C:\Users\cns\MyInfo\University\DCS\RiOT-7-term-master\RiOT-7-term-master\Lab01\Lab01\UDP-client\UDP_Client.cpp(61,38): warning C4566: character represented by universal-character-name '\u0434' cannot be represented in the current code page (1252)
C:\Users\cns\MyInfo\University\DCS\RiOT-7-term-master\RiOT-7-term-master\Lab01\Lab01\UDP-client\UDP_Client.cpp(62,34): warning C4566: character represented by universal-character-name '\u041D' cannot be represented in the current code page (1252)
C:\Users\cns\MyInfo\University\DCS\RiOT-7-term-master\RiOT-7-term-master\Lab01\Lab01\UDP-client\UDP_Client.cpp(62,34): warning C4566: character represented by universal-character-name '\u0435' cannot be represented in the current code page (1252)
C:\Users\cns\MyInfo\University\DCS\RiOT-7-term-master\RiOT-7-term-master\Lab01\Lab01\UDP-client\UDP_Client.cpp(62,34): warning C4566: character represented by universal-character-name '\u0430' cannot be represented in the current code page (1252)
C:\Users\cns\MyInfo\University\DCS\RiOT-7-term-master\RiOT-7-term-master\Lab01\Lab01\UDP-client\UDP_Client.cpp(62,34): warning C4566: character represented by universal-character-name '\u0432' cannot be represented in the current code page (1252)
C:\Users\cns\MyInfo\University\DCS\RiOT-7-term-master\RiOT-7-term-master\Lab01\Lab01\UDP-client\UDP_Client.cpp(62,34): warning C4566: character represented by universal-character-name '\u0442' cannot be represented in the current code page (1252)
C:\Users\cns\MyInfo\University\DCS\RiOT-7-term-master\RiOT-7-term-master\Lab01\Lab01\UDP-client\UDP_Client.cpp(62,34): warning C4566: character represented by universal-character-name '\u043E' cannot be represented in the current code page (1252)
C:\Users\cns\MyInfo\University\DCS\RiOT-7-term-master\RiOT-7-term-master\Lab01\Lab01\UDP-client\UDP_Client.cpp(62,34): warning C4566: character represented by universal-character-name '\u0440' cannot be represented in the current code page (1252)
C:\Users\cns\MyInfo\University\DCS\RiOT-7-term-master\RiOT-7-term-master\Lab01\Lab01\UDP-client\UDP_Client.cpp(62,34): warning C4566: character represented by universal-character-name '\u0438' cannot be represented in the current code page (1252)
C:\Users\cns\MyInfo\University\DCS\RiOT-7-term-master\RiOT-7-term-master\Lab01\Lab01\UDP-client\UDP_Client.cpp(62,34): warning C4566: character represented by universal-character-name '\u0437' cannot be represented in the current code page (1252)
C:\Users\cns\MyInfo\University\DCS\RiOT-7-term-master\RiOT-7-term-master\Lab01\Lab01\UDP-client\UDP_Client.cpp(62,34): warning C4566: character represented by universal-character-name '\u043D' cannot be represented in the current code page (1252)
C:\Users\cns\MyInfo\University\DCS\RiOT-7-term-master\RiOT-7-term-master\Lab01\Lab01\UDP-client\UDP_Client.cpp(62,34): warning C4566: character represented by universal-character-name '\u044B' cannot be represented in the current code page (1252)
C:\Users\cns\MyInfo\University\DCS\RiOT-7-term-master\RiOT-7-term-master\Lab01\Lab01\UDP-client\UDP_Client.cpp(62,34): warning C4566: character represented by universal-character-name '\u0439' cannot be represented in the current code page (1252)
C:\Users\cns\MyInfo\University\DCS\RiOT-7-term-master\RiOT-7-term-master\Lab01\Lab01\UDP-client\UDP_Client.cpp(62,34): warning C4566: character represented by universal-character-name '\u0445' cannot be represented in the current code page (1252)
C:\Users\cns\MyInfo\University\DCS\RiOT-7-term-master\RiOT-7-term-master\Lab01\Lab01\UDP-client\UDP_Client.cpp(62,34): warning C4566: character represented by universal-character-name '\u0441' cannot be represented in the current code page (1252)
C:\Users\cns\MyInfo\University\DCS\RiOT-7-term-master\RiOT-7-term-master\Lab01\Lab01\UDP-client\UDP_Client.cpp(62,34): warning C4566: character represented by universal-character-name '\u0434' cannot be represented in the current code page (1252)
C:\Users\cns\MyInfo\University\DCS\RiOT-7-term-master\RiOT-7-term-master\Lab01\Lab01\UDP-client\UDP_Client.cpp(63,35): warning C4566: character represented by universal-character-name '\u041D' cannot be represented in the current code page (1252)
C:\Users\cns\MyInfo\University\DCS\RiOT-7-term-master\RiOT-7-term-master\Lab01\Lab01\UDP-client\UDP_Client.cpp(63,35): warning C4566: character represented by universal-character-name '\u0435' cannot be represented in the current code page (1252)
C:\Users\cns\MyInfo\University\DCS\RiOT-7-term-master\RiOT-7-term-master\Lab01\Lab01\UDP-client\UDP_Client.cpp(63,35): warning C4566: character represented by universal-character-name '\u043E' cannot be represented in the current code page (1252)
C:\Users\cns\MyInfo\University\DCS\RiOT-7-term-master\RiOT-7-term-master\Lab01\Lab01\UDP-client\UDP_Client.cpp(63,35): warning C4566: character represented by universal-character-name '\u043F' cannot be represented in the current code page (1252)
C:\Users\cns\MyInfo\University\DCS\RiOT-7-term-master\RiOT-7-term-master\Lab01\Lab01\UDP-client\UDP_Client.cpp(63,35): warning C4566: character represented by universal-character-name '\u0440' cannot be represented in the current code page (1252)
C:\Users\cns\MyInfo\University\DCS\RiOT-7-term-master\RiOT-7-term-master\Lab01\Lab01\UDP-client\UDP_Client.cpp(63,35): warning C4566: character represented by universal-character-name '\u0434' cannot be represented in the current code page (1252)
C:\Users\cns\MyInfo\University\DCS\RiOT-7-term-master\RiOT-7-term-master\Lab01\Lab01\UDP-client\UDP_Client.cpp(63,35): warning C4566: character represented by universal-character-name '\u043B' cannot be represented in the current code page (1252)
C:\Users\cns\MyInfo\University\DCS\RiOT-7-term-master\RiOT-7-term-master\Lab01\Lab01\UDP-client\UDP_Client.cpp(63,35): warning C4566: character represented by universal-character-name '\u043D' cannot be represented in the current code page (1252)
C:\Users\cns\MyInfo\University\DCS\RiOT-7-term-master\RiOT-7-term-master\Lab01\Lab01\UDP-client\UDP_Client.cpp(63,35): warning C4566: character represented by universal-character-name '\u0430' cannot be represented in the current code page (1252)
C:\Users\cns\MyInfo\University\DCS\RiOT-7-term-master\RiOT-7-term-master\Lab01\Lab01\UDP-client\UDP_Client.cpp(63,35): warning C4566: character represented by universal-character-name '\u044F' cannot be represented in the current code page (1252)
C:\Users\cns\MyInfo\University\DCS\RiOT-7-term-master\RiOT-7-term-master\Lab01\Lab01\UDP-client\UDP_Client.cpp(63,35): warning C4566: character represented by universal-character-name '\u0448' cannot be represented in the current code page (1252)
C:\Users\cns\MyInfo\University\DCS\RiOT-7-term-master\RiOT-7-term-master\Lab01\Lab01\UDP-client\UDP_Client.cpp(63,35): warning C4566: character represented by universal-character-name '\u0438' cannot be represented in the current code page (1252)
C:\Users\cns\MyInfo\University\DCS\RiOT-7-term-master\RiOT-7-term-master\Lab01\Lab01\UDP-client\UDP_Client.cpp(63,35): warning C4566: character represented by universal-character-name '\u0431' cannot be represented in the current code page (1252)
C:\Users\cns\MyInfo\University\DCS\RiOT-7-term-master\RiOT-7-term-master\Lab01\Lab01\UDP-client\UDP_Client.cpp(63,35): warning C4566: character represented by universal-character-name '\u043A' cannot be represented in the current code page (1252)
C:\Users\cns\MyInfo\University\DCS\RiOT-7-term-master\RiOT-7-term-master\Lab01\Lab01\UDP-client\UDP_Client.cpp(64,32): warning C4566: character represented by universal-character-name '\u041D' cannot be represented in the current code page (1252)
C:\Users\cns\MyInfo\University\DCS\RiOT-7-term-master\RiOT-7-term-master\Lab01\Lab01\UDP-client\UDP_Client.cpp(64,32): warning C4566: character represented by universal-character-name '\u0435' cannot be represented in the current code page (1252)
C:\Users\cns\MyInfo\University\DCS\RiOT-7-term-master\RiOT-7-term-master\Lab01\Lab01\UDP-client\UDP_Client.cpp(64,32): warning C4566: character represented by universal-character-name '\u0442' cannot be represented in the current code page (1252)
C:\Users\cns\MyInfo\University\DCS\RiOT-7-term-master\RiOT-7-term-master\Lab01\Lab01\UDP-client\UDP_Client.cpp(64,32): warning C4566: character represented by universal-character-name '\u0437' cannot be represented in the current code page (1252)
C:\Users\cns\MyInfo\University\DCS\RiOT-7-term-master\RiOT-7-term-master\Lab01\Lab01\UDP-client\UDP_Client.cpp(64,32): warning C4566: character represented by universal-character-name '\u0430' cannot be represented in the current code page (1252)
C:\Users\cns\MyInfo\University\DCS\RiOT-7-term-master\RiOT-7-term-master\Lab01\Lab01\UDP-client\UDP_Client.cpp(64,32): warning C4566: character represented by universal-character-name '\u043F' cannot be represented in the current code page (1252)
C:\Users\cns\MyInfo\University\DCS\RiOT-7-term-master\RiOT-7-term-master\Lab01\Lab01\UDP-client\UDP_Client.cpp(64,32): warning C4566: character represented by universal-character-name '\u0438' cannot be represented in the current code page (1252)
C:\Users\cns\MyInfo\University\DCS\RiOT-7-term-master\RiOT-7-term-master\Lab01\Lab01\UDP-client\UDP_Client.cpp(64,32): warning C4566: character represented by universal-character-name '\u0441' cannot be represented in the current code page (1252)
C:\Users\cns\MyInfo\University\DCS\RiOT-7-term-master\RiOT-7-term-master\Lab01\Lab01\UDP-client\UDP_Client.cpp(64,32): warning C4566: character represented by universal-character-name '\u0440' cannot be represented in the current code page (1252)
C:\Users\cns\MyInfo\University\DCS\RiOT-7-term-master\RiOT-7-term-master\Lab01\Lab01\UDP-client\UDP_Client.cpp(64,32): warning C4566: character represented by universal-character-name '\u043E' cannot be represented in the current code page (1252)
C:\Users\cns\MyInfo\University\DCS\RiOT-7-term-master\RiOT-7-term-master\Lab01\Lab01\UDP-client\UDP_Client.cpp(64,32): warning C4566: character represented by universal-character-name '\u0448' cannot be represented in the current code page (1252)
C:\Users\cns\MyInfo\University\DCS\RiOT-7-term-master\RiOT-7-term-master\Lab01\Lab01\UDP-client\UDP_Client.cpp(64,32): warning C4566: character represented by universal-character-name '\u043D' cannot be represented in the current code page (1252)
C:\Users\cns\MyInfo\University\DCS\RiOT-7-term-master\RiOT-7-term-master\Lab01\Lab01\UDP-client\UDP_Client.cpp(64,32): warning C4566: character represented by universal-character-name '\u0433' cannot be represented in the current code page (1252)
C:\Users\cns\MyInfo\University\DCS\RiOT-7-term-master\RiOT-7-term-master\Lab01\Lab01\UDP-client\UDP_Client.cpp(65,38): warning C4566: character represented by universal-character-name '\u0423' cannot be represented in the current code page (1252)
C:\Users\cns\MyInfo\University\DCS\RiOT-7-term-master\RiOT-7-term-master\Lab01\Lab01\UDP-client\UDP_Client.cpp(65,38): warning C4566: character represented by universal-character-name '\u043A' cannot be represented in the current code page (1252)
C:\Users\cns\MyInfo\University\DCS\RiOT-7-term-master\RiOT-7-term-master\Lab01\Lab01\UDP-client\UDP_Client.cpp(65,38): warning C4566: character represented by universal-character-name '\u0430' cannot be represented in the current code page (1252)
C:\Users\cns\MyInfo\University\DCS\RiOT-7-term-master\RiOT-7-term-master\Lab01\Lab01\UDP-client\UDP_Client.cpp(65,38): warning C4566: character represented by universal-character-name '\u0437' cannot be represented in the current code page (1252)
C:\Users\cns\MyInfo\University\DCS\RiOT-7-term-master\RiOT-7-term-master\Lab01\Lab01\UDP-client\UDP_Client.cpp(65,38): warning C4566: character represented by universal-character-name '\u043D' cannot be represented in the current code page (1252)
C:\Users\cns\MyInfo\University\DCS\RiOT-7-term-master\RiOT-7-term-master\Lab01\Lab01\UDP-client\UDP_Client.cpp(65,38): warning C4566: character represented by universal-character-name '\u044B' cannot be represented in the current code page (1252)
C:\Users\cns\MyInfo\University\DCS\RiOT-7-term-master\RiOT-7-term-master\Lab01\Lab01\UDP-client\UDP_Client.cpp(65,38): warning C4566: character represented by universal-character-name '\u0439' cannot be represented in the current code page (1252)
C:\Users\cns\MyInfo\University\DCS\RiOT-7-term-master\RiOT-7-term-master\Lab01\Lab01\UDP-client\UDP_Client.cpp(65,38): warning C4566: character represented by universal-character-name '\u0434' cannot be represented in the current code page (1252)
C:\Users\cns\MyInfo\University\DCS\RiOT-7-term-master\RiOT-7-term-master\Lab01\Lab01\UDP-client\UDP_Client.cpp(65,38): warning C4566: character represented by universal-character-name '\u0435' cannot be represented in the current code page (1252)
C:\Users\cns\MyInfo\University\DCS\RiOT-7-term-master\RiOT-7-term-master\Lab01\Lab01\UDP-client\UDP_Client.cpp(65,38): warning C4566: character represented by universal-character-name '\u0441' cannot be represented in the current code page (1252)
C:\Users\cns\MyInfo\University\DCS\RiOT-7-term-master\RiOT-7-term-master\Lab01\Lab01\UDP-client\UDP_Client.cpp(65,38): warning C4566: character represented by universal-character-name '\u0440' cannot be represented in the current code page (1252)
C:\Users\cns\MyInfo\University\DCS\RiOT-7-term-master\RiOT-7-term-master\Lab01\Lab01\UDP-client\UDP_Client.cpp(65,38): warning C4566: character represented by universal-character-name '\u0438' cannot be represented in the current code page (1252)
C:\Users\cns\MyInfo\University\DCS\RiOT-7-term-master\RiOT-7-term-master\Lab01\Lab01\UDP-client\UDP_Client.cpp(65,38): warning C4566: character represented by universal-character-name '\u043F' cannot be represented in the current code page (1252)
C:\Users\cns\MyInfo\University\DCS\RiOT-7-term-master\RiOT-7-term-master\Lab01\Lab01\UDP-client\UDP_Client.cpp(65,38): warning C4566: character represented by universal-character-name '\u0442' cannot be represented in the current code page (1252)
C:\Users\cns\MyInfo\University\DCS\RiOT-7-term-master\RiOT-7-term-master\Lab01\Lab01\UDP-client\UDP_Client.cpp(65,38): warning C4566: character represented by universal-character-name '\u043E' cannot be represented in the current code page (1252)
C:\Users\cns\MyInfo\University\DCS\RiOT-7-term-master\RiOT-7-term-master\Lab01\Lab01\UDP-client\UDP_Client.cpp(65,38): warning C4566: character represented by universal-character-name '\u0431' cannot be represented in the current code page (1252)
C:\Users\cns\MyInfo\University\DCS\RiOT-7-term-master\RiOT-7-term-master\Lab01\Lab01\UDP-client\UDP_Client.cpp(65,38): warning C4566: character represented by universal-character-name '\u044F' cannot be represented in the current code page (1252)
C:\Users\cns\MyInfo\University\DCS\RiOT-7-term-master\RiOT-7-term-master\Lab01\Lab01\UDP-client\UDP_Client.cpp(65,38): warning C4566: character represented by universal-character-name '\u0448' cannot be represented in the current code page (1252)
C:\Users\cns\MyInfo\University\DCS\RiOT-7-term-master\RiOT-7-term-master\Lab01\Lab01\UDP-client\UDP_Client.cpp(66,41): warning C4566: character represented by universal-character-name '\u041E' cannot be represented in the current code page (1252)
C:\Users\cns\MyInfo\University\DCS\RiOT-7-term-master\RiOT-7-term-master\Lab01\Lab01\UDP-client\UDP_Client.cpp(66,41): warning C4566: character represented by universal-character-name '\u0434' cannot be represented in the current code page (1252)
C:\Users\cns\MyInfo\University\DCS\RiOT-7-term-master\RiOT-7-term-master\Lab01\Lab01\UDP-client\UDP_Client.cpp(66,41): warning C4566: character represented by universal-character-name '\u0438' cannot be represented in the current code page (1252)
C:\Users\cns\MyInfo\University\DCS\RiOT-7-term-master\RiOT-7-term-master\Lab01\Lab01\UDP-client\UDP_Client.cpp(66,41): warning C4566: character represented by universal-character-name '\u043D' cannot be represented in the current code page (1252)
C:\Users\cns\MyInfo\University\DCS\RiOT-7-term-master\RiOT-7-term-master\Lab01\Lab01\UDP-client\UDP_Client.cpp(66,41): warning C4566: character represented by universal-character-name '\u043B' cannot be represented in the current code page (1252)
C:\Users\cns\MyInfo\University\DCS\RiOT-7-term-master\RiOT-7-term-master\Lab01\Lab01\UDP-client\UDP_Client.cpp(66,41): warning C4566: character represented by universal-character-name '\u0431' cannot be represented in the current code page (1252)
C:\Users\cns\MyInfo\University\DCS\RiOT-7-term-master\RiOT-7-term-master\Lab01\Lab01\UDP-client\UDP_Client.cpp(66,41): warning C4566: character represented by universal-character-name '\u043E' cannot be represented in the current code page (1252)
C:\Users\cns\MyInfo\University\DCS\RiOT-7-term-master\RiOT-7-term-master\Lab01\Lab01\UDP-client\UDP_Client.cpp(66,41): warning C4566: character represented by universal-character-name '\u0435' cannot be represented in the current code page (1252)
C:\Users\cns\MyInfo\University\DCS\RiOT-7-term-master\RiOT-7-term-master\Lab01\Lab01\UDP-client\UDP_Client.cpp(66,41): warning C4566: character represented by universal-character-name '\u043F' cannot be represented in the current code page (1252)
C:\Users\cns\MyInfo\University\DCS\RiOT-7-term-master\RiOT-7-term-master\Lab01\Lab01\UDP-client\UDP_Client.cpp(66,41): warning C4566: character represented by universal-character-name '\u0430' cannot be represented in the current code page (1252)
C:\Users\cns\MyInfo\University\DCS\RiOT-7-term-master\RiOT-7-term-master\Lab01\Lab01\UDP-client\UDP_Client.cpp(66,41): warning C4566: character represented by universal-character-name '\u0440' cannot be represented in the current code page (1252)
C:\Users\cns\MyInfo\University\DCS\RiOT-7-term-master\RiOT-7-term-master\Lab01\Lab01\UDP-client\UDP_Client.cpp(66,41): warning C4566: character represented by universal-character-name '\u043C' cannot be represented in the current code page (1252)
C:\Users\cns\MyInfo\University\DCS\RiOT-7-term-master\RiOT-7-term-master\Lab01\Lab01\UDP-client\UDP_Client.cpp(66,41): warning C4566: character represented by universal-character-name '\u0442' cannot be represented in the current code page (1252)
C:\Users\cns\MyInfo\University\DCS\RiOT-7-term-master\RiOT-7-term-master\Lab01\Lab01\UDP-client\UDP_Client.cpp(66,41): warning C4566: character represented by universal-character-name '\u0432' cannot be represented in the current code page (1252)
C:\Users\cns\MyInfo\University\DCS\RiOT-7-term-master\RiOT-7-term-master\Lab01\Lab01\UDP-client\UDP_Client.cpp(66,41): warning C4566: character represented by universal-character-name '\u0441' cannot be represented in the current code page (1252)
C:\Users\cns\MyInfo\University\DCS\RiOT-7-term-master\RiOT-7-term-master\Lab01\Lab01\UDP-client\UDP_Client.cpp(66,41): warning C4566: character represented by universal-character-name '\u0448' cannot be represented in the current code page (1252)
C:\Users\cns\MyInfo\University\DCS\RiOT-7-term-master\RiOT-7-term-master\Lab01\Lab01\UDP-client\UDP_Client.cpp(66,41): warning C4566: character represented by universal-character-name '\u043A' cannot be represented in the current code page (1252)
C:\Users\cns\MyInfo\University\DCS\RiOT-7-term-master\RiOT-7-term-master\Lab01\Lab01\UDP-client\UDP_Client.cpp(66,41): warning C4566: character represented by universal-character-name '\u0439' cannot be represented in the current code page (1252)
C:\Users\cns\MyInfo\University\DCS\RiOT-7-term-master\RiOT-7-term-master\Lab01\Lab01\UDP-client\UDP_Client.cpp(67,38): warning C4566: character represented by universal-character-name '\u041E' cannot be represented in the current code page (1252)
C:\Users\cns\MyInfo\University\DCS\RiOT-7-term-master\RiOT-7-term-master\Lab01\Lab01\UDP-client\UDP_Client.cpp(67,38): warning C4566: character represented by universal-character-name '\u0431' cannot be represented in the current code page (1252)
C:\Users\cns\MyInfo\University\DCS\RiOT-7-term-master\RiOT-7-term-master\Lab01\Lab01\UDP-client\UDP_Client.cpp(67,38): warning C4566: character represented by universal-character-name '\u044A' cannot be represented in the current code page (1252)
C:\Users\cns\MyInfo\University\DCS\RiOT-7-term-master\RiOT-7-term-master\Lab01\Lab01\UDP-client\UDP_Client.cpp(67,38): warning C4566: character represented by universal-character-name '\u0435' cannot be represented in the current code page (1252)
C:\Users\cns\MyInfo\University\DCS\RiOT-7-term-master\RiOT-7-term-master\Lab01\Lab01\UDP-client\UDP_Client.cpp(67,38): warning C4566: character represented by universal-character-name '\u043A' cannot be represented in the current code page (1252)
C:\Users\cns\MyInfo\University\DCS\RiOT-7-term-master\RiOT-7-term-master\Lab01\Lab01\UDP-client\UDP_Client.cpp(67,38): warning C4566: character represented by universal-character-name '\u0442' cannot be represented in the current code page (1252)
C:\Users\cns\MyInfo\University\DCS\RiOT-7-term-master\RiOT-7-term-master\Lab01\Lab01\UDP-client\UDP_Client.cpp(67,38): warning C4566: character represented by universal-character-name '\u0432' cannot be represented in the current code page (1252)
C:\Users\cns\MyInfo\University\DCS\RiOT-7-term-master\RiOT-7-term-master\Lab01\Lab01\UDP-client\UDP_Client.cpp(67,38): warning C4566: character represented by universal-character-name '\u043E' cannot be represented in the current code page (1252)
C:\Users\cns\MyInfo\University\DCS\RiOT-7-term-master\RiOT-7-term-master\Lab01\Lab01\UDP-client\UDP_Client.cpp(67,38): warning C4566: character represented by universal-character-name '\u0434' cannot be represented in the current code page (1252)
C:\Users\cns\MyInfo\University\DCS\RiOT-7-term-master\RiOT-7-term-master\Lab01\Lab01\UDP-client\UDP_Client.cpp(67,38): warning C4566: character represented by universal-character-name '\u0430' cannot be represented in the current code page (1252)
C:\Users\cns\MyInfo\University\DCS\RiOT-7-term-master\RiOT-7-term-master\Lab01\Lab01\UDP-client\UDP_Client.cpp(67,38): warning C4566: character represented by universal-character-name '\u044B' cannot be represented in the current code page (1252)
C:\Users\cns\MyInfo\University\DCS\RiOT-7-term-master\RiOT-7-term-master\Lab01\Lab01\UDP-client\UDP_Client.cpp(67,38): warning C4566: character represented by universal-character-name '\u043D' cannot be represented in the current code page (1252)
C:\Users\cns\MyInfo\University\DCS\RiOT-7-term-master\RiOT-7-term-master\Lab01\Lab01\UDP-client\UDP_Client.cpp(67,38): warning C4566: character represented by universal-character-name '\u0441' cannot be represented in the current code page (1252)
C:\Users\cns\MyInfo\University\DCS\RiOT-7-term-master\RiOT-7-term-master\Lab01\Lab01\UDP-client\UDP_Client.cpp(67,38): warning C4566: character represented by universal-character-name '\u0438' cannot be represented in the current code page (1252)
C:\Users\cns\MyInfo\University\DCS\RiOT-7-term-master\RiOT-7-term-master\Lab01\Lab01\UDP-client\UDP_Client.cpp(67,38): warning C4566: character represented by universal-character-name '\u0433' cannot be represented in the current code page (1252)
C:\Users\cns\MyInfo\University\DCS\RiOT-7-term-master\RiOT-7-term-master\Lab01\Lab01\UDP-client\UDP_Client.cpp(67,38): warning C4566: character represented by universal-character-name '\u043B' cannot be represented in the current code page (1252)
C:\Users\cns\MyInfo\University\DCS\RiOT-7-term-master\RiOT-7-term-master\Lab01\Lab01\UDP-client\UDP_Client.cpp(67,38): warning C4566: character represented by universal-character-name '\u044C' cannot be represented in the current code page (1252)
C:\Users\cns\MyInfo\University\DCS\RiOT-7-term-master\RiOT-7-term-master\Lab01\Lab01\UDP-client\UDP_Client.cpp(67,38): warning C4566: character represented by universal-character-name '\u043C' cannot be represented in the current code page (1252)
C:\Users\cns\MyInfo\University\DCS\RiOT-7-term-master\RiOT-7-term-master\Lab01\Lab01\UDP-client\UDP_Client.cpp(67,38): warning C4566: character represented by universal-character-name '\u044F' cannot be represented in the current code page (1252)
C:\Users\cns\MyInfo\University\DCS\RiOT-7-term-master\RiOT-7-term-master\Lab01\Lab01\UDP-client\UDP_Client.cpp(68,35): warning C4566: character represented by universal-character-name '\u041E' cannot be represented in the current code page (1252)
C:\Users\cns\MyInfo\University\DCS\RiOT-7-term-master\RiOT-7-term-master\Lab01\Lab01\UDP-client\UDP_Client.cpp(68,35): warning C4566: character represented by universal-character-name '\u043F' cannot be represented in the current code page (1252)
C:\Users\cns\MyInfo\University\DCS\RiOT-7-term-master\RiOT-7-term-master\Lab01\Lab01\UDP-client\UDP_Client.cpp(68,35): warning C4566: character represented by universal-character-name '\u0435' cannot be represented in the current code page (1252)
C:\Users\cns\MyInfo\University\DCS\RiOT-7-term-master\RiOT-7-term-master\Lab01\Lab01\UDP-client\UDP_Client.cpp(68,35): warning C4566: character represented by universal-character-name '\u0440' cannot be represented in the current code page (1252)
C:\Users\cns\MyInfo\University\DCS\RiOT-7-term-master\RiOT-7-term-master\Lab01\Lab01\UDP-client\UDP_Client.cpp(68,35): warning C4566: character represented by universal-character-name '\u0430' cannot be represented in the current code page (1252)
C:\Users\cns\MyInfo\University\DCS\RiOT-7-term-master\RiOT-7-term-master\Lab01\Lab01\UDP-client\UDP_Client.cpp(68,35): warning C4566: character represented by universal-character-name '\u0446' cannot be represented in the current code page (1252)
C:\Users\cns\MyInfo\University\DCS\RiOT-7-term-master\RiOT-7-term-master\Lab01\Lab01\UDP-client\UDP_Client.cpp(68,35): warning C4566: character represented by universal-character-name '\u0438' cannot be represented in the current code page (1252)
C:\Users\cns\MyInfo\University\DCS\RiOT-7-term-master\RiOT-7-term-master\Lab01\Lab01\UDP-client\UDP_Client.cpp(68,35): warning C4566: character represented by universal-character-name '\u044F' cannot be represented in the current code page (1252)
C:\Users\cns\MyInfo\University\DCS\RiOT-7-term-master\RiOT-7-term-master\Lab01\Lab01\UDP-client\UDP_Client.cpp(68,35): warning C4566: character represented by universal-character-name '\u0437' cannot be represented in the current code page (1252)
C:\Users\cns\MyInfo\University\DCS\RiOT-7-term-master\RiOT-7-term-master\Lab01\Lab01\UDP-client\UDP_Client.cpp(68,35): warning C4566: character represented by universal-character-name '\u0432' cannot be represented in the current code page (1252)
C:\Users\cns\MyInfo\University\DCS\RiOT-7-term-master\RiOT-7-term-master\Lab01\Lab01\UDP-client\UDP_Client.cpp(68,35): warning C4566: character represented by universal-character-name '\u0448' cannot be represented in the current code page (1252)
C:\Users\cns\MyInfo\University\DCS\RiOT-7-term-master\RiOT-7-term-master\Lab01\Lab01\UDP-client\UDP_Client.cpp(68,35): warning C4566: character represented by universal-character-name '\u0442' cannot be represented in the current code page (1252)
C:\Users\cns\MyInfo\University\DCS\RiOT-7-term-master\RiOT-7-term-master\Lab01\Lab01\UDP-client\UDP_Client.cpp(68,35): warning C4566: character represented by universal-character-name '\u0441' cannot be represented in the current code page (1252)
C:\Users\cns\MyInfo\University\DCS\RiOT-7-term-master\RiOT-7-term-master\Lab01\Lab01\UDP-client\UDP_Client.cpp(68,35): warning C4566: character represented by universal-character-name '\u043E' cannot be represented in the current code page (1252)
C:\Users\cns\MyInfo\University\DCS\RiOT-7-term-master\RiOT-7-term-master\Lab01\Lab01\UDP-client\UDP_Client.cpp(68,35): warning C4566: character represented by universal-character-name '\u0436' cannot be represented in the current code page (1252)
C:\Users\cns\MyInfo\University\DCS\RiOT-7-term-master\RiOT-7-term-master\Lab01\Lab01\UDP-client\UDP_Client.cpp(69,41): warning C4566: character represented by universal-character-name '\u041D' cannot be represented in the current code page (1252)
C:\Users\cns\MyInfo\University\DCS\RiOT-7-term-master\RiOT-7-term-master\Lab01\Lab01\UDP-client\UDP_Client.cpp(69,41): warning C4566: character represented by universal-character-name '\u0435' cannot be represented in the current code page (1252)
C:\Users\cns\MyInfo\University\DCS\RiOT-7-term-master\RiOT-7-term-master\Lab01\Lab01\UDP-client\UDP_Client.cpp(69,41): warning C4566: character represented by universal-character-name '\u0434' cannot be represented in the current code page (1252)
C:\Users\cns\MyInfo\University\DCS\RiOT-7-term-master\RiOT-7-term-master\Lab01\Lab01\UDP-client\UDP_Client.cpp(69,41): warning C4566: character represented by universal-character-name '\u043E' cannot be represented in the current code page (1252)
C:\Users\cns\MyInfo\University\DCS\RiOT-7-term-master\RiOT-7-term-master\Lab01\Lab01\UDP-client\UDP_Client.cpp(69,41): warning C4566: character represented by universal-character-name '\u0441' cannot be represented in the current code page (1252)
C:\Users\cns\MyInfo\University\DCS\RiOT-7-term-master\RiOT-7-term-master\Lab01\Lab01\UDP-client\UDP_Client.cpp(69,41): warning C4566: character represented by universal-character-name '\u0442' cannot be represented in the current code page (1252)
C:\Users\cns\MyInfo\University\DCS\RiOT-7-term-master\RiOT-7-term-master\Lab01\Lab01\UDP-client\UDP_Client.cpp(69,41): warning C4566: character represented by universal-character-name '\u0430' cannot be represented in the current code page (1252)
C:\Users\cns\MyInfo\University\DCS\RiOT-7-term-master\RiOT-7-term-master\Lab01\Lab01\UDP-client\UDP_Client.cpp(69,41): warning C4566: character represented by universal-character-name '\u0447' cannot be represented in the current code page (1252)
C:\Users\cns\MyInfo\University\DCS\RiOT-7-term-master\RiOT-7-term-master\Lab01\Lab01\UDP-client\UDP_Client.cpp(69,41): warning C4566: character represented by universal-character-name '\u043D' cannot be represented in the current code page (1252)
C:\Users\cns\MyInfo\University\DCS\RiOT-7-term-master\RiOT-7-term-master\Lab01\Lab01\UDP-client\UDP_Client.cpp(69,41): warning C4566: character represented by universal-character-name '\u043F' cannot be represented in the current code page (1252)
C:\Users\cns\MyInfo\University\DCS\RiOT-7-term-master\RiOT-7-term-master\Lab01\Lab01\UDP-client\UDP_Client.cpp(69,41): warning C4566: character represented by universal-character-name '\u043C' cannot be represented in the current code page (1252)
C:\Users\cns\MyInfo\University\DCS\RiOT-7-term-master\RiOT-7-term-master\Lab01\Lab01\UDP-client\UDP_Client.cpp(69,41): warning C4566: character represented by universal-character-name '\u044F' cannot be represented in the current code page (1252)
C:\Users\cns\MyInfo\University\DCS\RiOT-7-term-master\RiOT-7-term-master\Lab01\Lab01\UDP-client\UDP_Client.cpp(69,41): warning C4566: character represented by universal-character-name '\u0438' cannot be represented in the current code page (1252)
C:\Users\cns\MyInfo\University\DCS\RiOT-7-term-master\RiOT-7-term-master\Lab01\Lab01\UDP-client\UDP_Client.cpp(70,41): warning C4566: character represented by universal-character-name '\u041E' cannot be represented in the current code page (1252)
C:\Users\cns\MyInfo\University\DCS\RiOT-7-term-master\RiOT-7-term-master\Lab01\Lab01\UDP-client\UDP_Client.cpp(70,41): warning C4566: character represented by universal-character-name '\u043F' cannot be represented in the current code page (1252)
C:\Users\cns\MyInfo\University\DCS\RiOT-7-term-master\RiOT-7-term-master\Lab01\Lab01\UDP-client\UDP_Client.cpp(70,41): warning C4566: character represented by universal-character-name '\u0435' cannot be represented in the current code page (1252)
C:\Users\cns\MyInfo\University\DCS\RiOT-7-term-master\RiOT-7-term-master\Lab01\Lab01\UDP-client\UDP_Client.cpp(70,41): warning C4566: character represented by universal-character-name '\u0440' cannot be represented in the current code page (1252)
C:\Users\cns\MyInfo\University\DCS\RiOT-7-term-master\RiOT-7-term-master\Lab01\Lab01\UDP-client\UDP_Client.cpp(70,41): warning C4566: character represented by universal-character-name '\u0430' cannot be represented in the current code page (1252)
C:\Users\cns\MyInfo\University\DCS\RiOT-7-term-master\RiOT-7-term-master\Lab01\Lab01\UDP-client\UDP_Client.cpp(70,41): warning C4566: character represented by universal-character-name '\u0446' cannot be represented in the current code page (1252)
C:\Users\cns\MyInfo\University\DCS\RiOT-7-term-master\RiOT-7-term-master\Lab01\Lab01\UDP-client\UDP_Client.cpp(70,41): warning C4566: character represented by universal-character-name '\u0438' cannot be represented in the current code page (1252)
C:\Users\cns\MyInfo\University\DCS\RiOT-7-term-master\RiOT-7-term-master\Lab01\Lab01\UDP-client\UDP_Client.cpp(70,41): warning C4566: character represented by universal-character-name '\u044F' cannot be represented in the current code page (1252)
C:\Users\cns\MyInfo\University\DCS\RiOT-7-term-master\RiOT-7-term-master\Lab01\Lab01\UDP-client\UDP_Client.cpp(70,41): warning C4566: character represented by universal-character-name '\u043E' cannot be represented in the current code page (1252)
C:\Users\cns\MyInfo\University\DCS\RiOT-7-term-master\RiOT-7-term-master\Lab01\Lab01\UDP-client\UDP_Client.cpp(70,41): warning C4566: character represented by universal-character-name '\u0442' cannot be represented in the current code page (1252)
C:\Users\cns\MyInfo\University\DCS\RiOT-7-term-master\RiOT-7-term-master\Lab01\Lab01\UDP-client\UDP_Client.cpp(70,41): warning C4566: character represented by universal-character-name '\u0432' cannot be represented in the current code page (1252)
C:\Users\cns\MyInfo\University\DCS\RiOT-7-term-master\RiOT-7-term-master\Lab01\Lab01\UDP-client\UDP_Client.cpp(70,41): warning C4566: character represented by universal-character-name '\u0433' cannot be represented in the current code page (1252)
C:\Users\cns\MyInfo\University\DCS\RiOT-7-term-master\RiOT-7-term-master\Lab01\Lab01\UDP-client\UDP_Client.cpp(70,41): warning C4566: character represented by universal-character-name '\u043D' cannot be represented in the current code page (1252)
C:\Users\cns\MyInfo\University\DCS\RiOT-7-term-master\RiOT-7-term-master\Lab01\Lab01\UDP-client\UDP_Client.cpp(70,41): warning C4566: character represented by universal-character-name '\u0443' cannot be represented in the current code page (1252)
C:\Users\cns\MyInfo\University\DCS\RiOT-7-term-master\RiOT-7-term-master\Lab01\Lab01\UDP-client\UDP_Client.cpp(71,40): warning C4566: character represented by universal-character-name '\u041E' cannot be represented in the current code page (1252)
C:\Users\cns\MyInfo\University\DCS\RiOT-7-term-master\RiOT-7-term-master\Lab01\Lab01\UDP-client\UDP_Client.cpp(71,40): warning C4566: character represented by universal-character-name '\u0448' cannot be represented in the current code page (1252)
C:\Users\cns\MyInfo\University\DCS\RiOT-7-term-master\RiOT-7-term-master\Lab01\Lab01\UDP-client\UDP_Client.cpp(71,40): warning C4566: character represented by universal-character-name '\u0438' cannot be represented in the current code page (1252)
C:\Users\cns\MyInfo\University\DCS\RiOT-7-term-master\RiOT-7-term-master\Lab01\Lab01\UDP-client\UDP_Client.cpp(71,40): warning C4566: character represented by universal-character-name '\u0431' cannot be represented in the current code page (1252)
C:\Users\cns\MyInfo\University\DCS\RiOT-7-term-master\RiOT-7-term-master\Lab01\Lab01\UDP-client\UDP_Client.cpp(71,40): warning C4566: character represented by universal-character-name '\u043E' cannot be represented in the current code page (1252)
C:\Users\cns\MyInfo\University\DCS\RiOT-7-term-master\RiOT-7-term-master\Lab01\Lab01\UDP-client\UDP_Client.cpp(71,40): warning C4566: character represented by universal-character-name '\u0447' cannot be represented in the current code page (1252)
C:\Users\cns\MyInfo\University\DCS\RiOT-7-term-master\RiOT-7-term-master\Lab01\Lab01\UDP-client\UDP_Client.cpp(71,40): warning C4566: character represented by universal-character-name '\u043D' cannot be represented in the current code page (1252)
C:\Users\cns\MyInfo\University\DCS\RiOT-7-term-master\RiOT-7-term-master\Lab01\Lab01\UDP-client\UDP_Client.cpp(71,40): warning C4566: character represented by universal-character-name '\u044B' cannot be represented in the current code page (1252)
C:\Users\cns\MyInfo\University\DCS\RiOT-7-term-master\RiOT-7-term-master\Lab01\Lab01\UDP-client\UDP_Client.cpp(71,40): warning C4566: character represented by universal-character-name '\u0439' cannot be represented in the current code page (1252)
C:\Users\cns\MyInfo\University\DCS\RiOT-7-term-master\RiOT-7-term-master\Lab01\Lab01\UDP-client\UDP_Client.cpp(71,40): warning C4566: character represented by universal-character-name '\u0441' cannot be represented in the current code page (1252)
C:\Users\cns\MyInfo\University\DCS\RiOT-7-term-master\RiOT-7-term-master\Lab01\Lab01\UDP-client\UDP_Client.cpp(71,40): warning C4566: character represented by universal-character-name '\u0435' cannot be represented in the current code page (1252)
C:\Users\cns\MyInfo\University\DCS\RiOT-7-term-master\RiOT-7-term-master\Lab01\Lab01\UDP-client\UDP_Client.cpp(71,40): warning C4566: character represented by universal-character-name '\u0440' cannot be represented in the current code page (1252)
C:\Users\cns\MyInfo\University\DCS\RiOT-7-term-master\RiOT-7-term-master\Lab01\Lab01\UDP-client\UDP_Client.cpp(71,40): warning C4566: character represented by universal-character-name '\u0432' cannot be represented in the current code page (1252)
C:\Users\cns\MyInfo\University\DCS\RiOT-7-term-master\RiOT-7-term-master\Lab01\Lab01\UDP-client\UDP_Client.cpp(72,39): warning C4566: character represented by universal-character-name '\u041E' cannot be represented in the current code page (1252)
C:\Users\cns\MyInfo\University\DCS\RiOT-7-term-master\RiOT-7-term-master\Lab01\Lab01\UDP-client\UDP_Client.cpp(72,39): warning C4566: character represented by universal-character-name '\u0448' cannot be represented in the current code page (1252)
C:\Users\cns\MyInfo\University\DCS\RiOT-7-term-master\RiOT-7-term-master\Lab01\Lab01\UDP-client\UDP_Client.cpp(72,39): warning C4566: character represented by universal-character-name '\u0438' cannot be represented in the current code page (1252)
C:\Users\cns\MyInfo\University\DCS\RiOT-7-term-master\RiOT-7-term-master\Lab01\Lab01\UDP-client\UDP_Client.cpp(72,39): warning C4566: character represented by universal-character-name '\u0431' cannot be represented in the current code page (1252)
C:\Users\cns\MyInfo\University\DCS\RiOT-7-term-master\RiOT-7-term-master\Lab01\Lab01\UDP-client\UDP_Client.cpp(72,39): warning C4566: character represented by universal-character-name '\u043A' cannot be represented in the current code page (1252)
C:\Users\cns\MyInfo\University\DCS\RiOT-7-term-master\RiOT-7-term-master\Lab01\Lab01\UDP-client\UDP_Client.cpp(72,39): warning C4566: character represented by universal-character-name '\u0430' cannot be represented in the current code page (1252)
C:\Users\cns\MyInfo\University\DCS\RiOT-7-term-master\RiOT-7-term-master\Lab01\Lab01\UDP-client\UDP_Client.cpp(72,39): warning C4566: character represented by universal-character-name '\u0432' cannot be represented in the current code page (1252)
C:\Users\cns\MyInfo\University\DCS\RiOT-7-term-master\RiOT-7-term-master\Lab01\Lab01\UDP-client\UDP_Client.cpp(72,39): warning C4566: character represented by universal-character-name '\u0435' cannot be represented in the current code page (1252)
C:\Users\cns\MyInfo\University\DCS\RiOT-7-term-master\RiOT-7-term-master\Lab01\Lab01\UDP-client\UDP_Client.cpp(72,39): warning C4566: character represented by universal-character-name '\u0440' cannot be represented in the current code page (1252)
C:\Users\cns\MyInfo\University\DCS\RiOT-7-term-master\RiOT-7-term-master\Lab01\Lab01\UDP-client\UDP_Client.cpp(72,39): warning C4566: character represented by universal-character-name '\u0441' cannot be represented in the current code page (1252)
C:\Users\cns\MyInfo\University\DCS\RiOT-7-term-master\RiOT-7-term-master\Lab01\Lab01\UDP-client\UDP_Client.cpp(73,41): warning C4566: character represented by universal-character-name '\u041D' cannot be represented in the current code page (1252)
C:\Users\cns\MyInfo\University\DCS\RiOT-7-term-master\RiOT-7-term-master\Lab01\Lab01\UDP-client\UDP_Client.cpp(73,41): warning C4566: character represented by universal-character-name '\u0435' cannot be represented in the current code page (1252)
C:\Users\cns\MyInfo\University\DCS\RiOT-7-term-master\RiOT-7-term-master\Lab01\Lab01\UDP-client\UDP_Client.cpp(73,41): warning C4566: character represented by universal-character-name '\u0432' cannot be represented in the current code page (1252)
C:\Users\cns\MyInfo\University\DCS\RiOT-7-term-master\RiOT-7-term-master\Lab01\Lab01\UDP-client\UDP_Client.cpp(73,41): warning C4566: character represented by universal-character-name '\u043E' cannot be represented in the current code page (1252)
C:\Users\cns\MyInfo\University\DCS\RiOT-7-term-master\RiOT-7-term-master\Lab01\Lab01\UDP-client\UDP_Client.cpp(73,41): warning C4566: character represented by universal-character-name '\u0437' cannot be represented in the current code page (1252)
C:\Users\cns\MyInfo\University\DCS\RiOT-7-term-master\RiOT-7-term-master\Lab01\Lab01\UDP-client\UDP_Client.cpp(73,41): warning C4566: character represented by universal-character-name '\u043C' cannot be represented in the current code page (1252)
C:\Users\cns\MyInfo\University\DCS\RiOT-7-term-master\RiOT-7-term-master\Lab01\Lab01\UDP-client\UDP_Client.cpp(73,41): warning C4566: character represented by universal-character-name '\u0436' cannot be represented in the current code page (1252)
C:\Users\cns\MyInfo\University\DCS\RiOT-7-term-master\RiOT-7-term-master\Lab01\Lab01\UDP-client\UDP_Client.cpp(73,41): warning C4566: character represented by universal-character-name '\u043D' cannot be represented in the current code page (1252)
C:\Users\cns\MyInfo\University\DCS\RiOT-7-term-master\RiOT-7-term-master\Lab01\Lab01\UDP-client\UDP_Client.cpp(73,41): warning C4566: character represented by universal-character-name '\u0438' cannot be represented in the current code page (1252)
C:\Users\cns\MyInfo\University\DCS\RiOT-7-term-master\RiOT-7-term-master\Lab01\Lab01\UDP-client\UDP_Client.cpp(73,41): warning C4566: character represented by universal-character-name '\u0446' cannot be represented in the current code page (1252)
C:\Users\cns\MyInfo\University\DCS\RiOT-7-term-master\RiOT-7-term-master\Lab01\Lab01\UDP-client\UDP_Client.cpp(73,41): warning C4566: character represented by universal-character-name '\u0430' cannot be represented in the current code page (1252)
C:\Users\cns\MyInfo\University\DCS\RiOT-7-term-master\RiOT-7-term-master\Lab01\Lab01\UDP-client\UDP_Client.cpp(73,41): warning C4566: character represented by universal-character-name '\u043B' cannot be represented in the current code page (1252)
C:\Users\cns\MyInfo\University\DCS\RiOT-7-term-master\RiOT-7-term-master\Lab01\Lab01\UDP-client\UDP_Client.cpp(73,41): warning C4566: character represented by universal-character-name '\u0440' cannot be represented in the current code page (1252)
C:\Users\cns\MyInfo\University\DCS\RiOT-7-term-master\RiOT-7-term-master\Lab01\Lab01\UDP-client\UDP_Client.cpp(73,41): warning C4566: character represented by universal-character-name '\u0442' cannot be represented in the current code page (1252)
C:\Users\cns\MyInfo\University\DCS\RiOT-7-term-master\RiOT-7-term-master\Lab01\Lab01\UDP-client\UDP_Client.cpp(73,41): warning C4566: character represented by universal-character-name '\u044C' cannot be represented in the current code page (1252)
C:\Users\cns\MyInfo\University\DCS\RiOT-7-term-master\RiOT-7-term-master\Lab01\Lab01\UDP-client\UDP_Client.cpp(73,41): warning C4566: character represented by universal-character-name '\u0441' cannot be represented in the current code page (1252)
C:\Users\cns\MyInfo\University\DCS\RiOT-7-term-master\RiOT-7-term-master\Lab01\Lab01\UDP-client\UDP_Client.cpp(74,38): warning C4566: character represented by universal-character-name '\u0410' cannot be represented in the current code page (1252)
C:\Users\cns\MyInfo\University\DCS\RiOT-7-term-master\RiOT-7-term-master\Lab01\Lab01\UDP-client\UDP_Client.cpp(74,38): warning C4566: character represented by universal-character-name '\u0432' cannot be represented in the current code page (1252)
C:\Users\cns\MyInfo\University\DCS\RiOT-7-term-master\RiOT-7-term-master\Lab01\Lab01\UDP-client\UDP_Client.cpp(74,38): warning C4566: character represented by universal-character-name '\u0430' cannot be represented in the current code page (1252)
C:\Users\cns\MyInfo\University\DCS\RiOT-7-term-master\RiOT-7-term-master\Lab01\Lab01\UDP-client\UDP_Client.cpp(74,38): warning C4566: character represented by universal-character-name '\u0440' cannot be represented in the current code page (1252)
C:\Users\cns\MyInfo\University\DCS\RiOT-7-term-master\RiOT-7-term-master\Lab01\Lab01\UDP-client\UDP_Client.cpp(74,38): warning C4566: character represented by universal-character-name '\u0438' cannot be represented in the current code page (1252)
C:\Users\cns\MyInfo\University\DCS\RiOT-7-term-master\RiOT-7-term-master\Lab01\Lab01\UDP-client\UDP_Client.cpp(74,38): warning C4566: character represented by universal-character-name '\u0439' cannot be represented in the current code page (1252)
C:\Users\cns\MyInfo\University\DCS\RiOT-7-term-master\RiOT-7-term-master\Lab01\Lab01\UDP-client\UDP_Client.cpp(74,38): warning C4566: character represented by universal-character-name '\u043D' cannot be represented in the current code page (1252)
C:\Users\cns\MyInfo\University\DCS\RiOT-7-term-master\RiOT-7-term-master\Lab01\Lab01\UDP-client\UDP_Client.cpp(74,38): warning C4566: character represented by universal-character-name '\u043E' cannot be represented in the current code page (1252)
C:\Users\cns\MyInfo\University\DCS\RiOT-7-term-master\RiOT-7-term-master\Lab01\Lab01\UDP-client\UDP_Client.cpp(74,38): warning C4566: character represented by universal-character-name '\u0435' cannot be represented in the current code page (1252)
C:\Users\cns\MyInfo\University\DCS\RiOT-7-term-master\RiOT-7-term-master\Lab01\Lab01\UDP-client\UDP_Client.cpp(74,38): warning C4566: character represented by universal-character-name '\u0437' cannot be represented in the current code page (1252)
C:\Users\cns\MyInfo\University\DCS\RiOT-7-term-master\RiOT-7-term-master\Lab01\Lab01\UDP-client\UDP_Client.cpp(74,38): warning C4566: character represented by universal-character-name '\u0448' cannot be represented in the current code page (1252)
C:\Users\cns\MyInfo\University\DCS\RiOT-7-term-master\RiOT-7-term-master\Lab01\Lab01\UDP-client\UDP_Client.cpp(74,38): warning C4566: character represented by universal-character-name '\u0441' cannot be represented in the current code page (1252)
C:\Users\cns\MyInfo\University\DCS\RiOT-7-term-master\RiOT-7-term-master\Lab01\Lab01\UDP-client\UDP_Client.cpp(74,38): warning C4566: character represented by universal-character-name '\u0442' cannot be represented in the current code page (1252)
C:\Users\cns\MyInfo\University\DCS\RiOT-7-term-master\RiOT-7-term-master\Lab01\Lab01\UDP-client\UDP_Client.cpp(74,38): warning C4566: character represented by universal-character-name '\u043C' cannot be represented in the current code page (1252)
C:\Users\cns\MyInfo\University\DCS\RiOT-7-term-master\RiOT-7-term-master\Lab01\Lab01\UDP-client\UDP_Client.cpp(74,38): warning C4566: character represented by universal-character-name '\u0433' cannot be represented in the current code page (1252)
C:\Users\cns\MyInfo\University\DCS\RiOT-7-term-master\RiOT-7-term-master\Lab01\Lab01\UDP-client\UDP_Client.cpp(74,38): warning C4566: character represented by universal-character-name '\u044B' cannot be represented in the current code page (1252)
  UDP-client.vcxproj -> C:\Users\cns\MyInfo\University\DCS\RiOT-7-term-master\RiOT-7-term-master\Lab01\Lab01\x64\Debug\UDP-client.exe
